gene,cancer_type
A1BG,MESO
A1CF,MESO
AAAS,MESO
AACS,MESO
AADACL2,MESO
AADAT,MESO
AAGAB,MESO
AAMP,MESO
AAR2,MESO
AARD,MESO
AARS,MESO
AARS2,MESO
AASDHPPT,MESO
AASS,MESO
AATF,MESO
AATK,MESO
ABCA1,MESO
ABCA10,MESO
ABCA12,MESO
ABCA13,MESO
ABCA4,MESO
ABCA5,MESO
ABCA6,MESO
ABCA9,MESO
ABCB1,MESO
ABCB4,MESO
ABCB5,MESO
ABCB7,MESO
ABCB8,MESO
ABCC11,MESO
ABCC12,MESO
ABCC2,MESO
ABCC9,MESO
ABCD1,MESO
ABCD3,MESO
ABCE1,MESO
ABCF1,MESO
ABCF2,MESO
ABCG2,MESO
ABHD10,MESO
ABHD13,MESO
ABHD15,MESO
ABHD17A,MESO
ABHD17B,MESO
ABI1,MESO
ABI3BP,MESO
ABLIM1,MESO
ABLIM3,MESO
ABT1,MESO
ACAA2,MESO
ACACA,MESO
ACAD8,MESO
ACAD9,MESO
ACADSB,MESO
ACAP2,MESO
ACAP3,MESO
ACAT1,MESO
ACAT2,MESO
ACBD7,MESO
ACCSL,MESO
ACER1,MESO
ACHE,MESO
ACIN1,MESO
ACKR4,MESO
ACLY,MESO
ACN9,MESO
ACO1,MESO
ACO2,MESO
ACOT2,MESO
ACOT4,MESO
ACOT6,MESO
ACOT9,MESO
ACOX1,MESO
ACOXL,MESO
ACPL2,MESO
ACR,MESO
ACSL1,MESO
ACSL3,MESO
ACSL4,MESO
ACSL5,MESO
ACSM1,MESO
ACSM3,MESO
ACSS2,MESO
ACTB,MESO
ACTG1,MESO
ACTL6A,MESO
ACTN4,MESO
ACTR10,MESO
ACTR1A,MESO
ACTR2,MESO
ACTR3,MESO
ACTR3B,MESO
ACTR3C,MESO
ACTR5,MESO
ACTR6,MESO
ACTR8,MESO
ACTRT3,MESO
ACVR1,MESO
ACVR1B,MESO
ACVR2A,MESO
ACVR2B,MESO
ACVRL1,MESO
ADA,MESO
ADAL,MESO
ADAM10,MESO
ADAM11,MESO
ADAM17,MESO
ADAM2,MESO
ADAM21,MESO
ADAM23,MESO
ADAM32,MESO
ADAM33,MESO
ADAMDEC1,MESO
ADAMTS10,MESO
ADAMTS17,MESO
ADAMTS2,MESO
ADAMTS3,MESO
ADAMTS9,MESO
ADAMTSL4,MESO
ADAMTSL5,MESO
ADAP1,MESO
ADAP2,MESO
ADAR,MESO
ADAT2,MESO
ADAT3,MESO
ADCK2,MESO
ADCY2,MESO
ADCY8,MESO
ADD3,MESO
ADH5,MESO
ADH6,MESO
ADHFE1,MESO
ADI1,MESO
ADIPOR1,MESO
ADIPOR2,MESO
ADK,MESO
ADNP,MESO
ADORA2A,MESO
ADPGK,MESO
ADPRHL2,MESO
ADPRM,MESO
ADRBK1,MESO
ADRM1,MESO
ADSL,MESO
ADSS,MESO
AFF1,MESO
AFF2,MESO
AFF4,MESO
AFG3L2,MESO
AFP,MESO
AGA,MESO
AGAP2,MESO
AGAP3,MESO
AGAP5,MESO
AGAP6,MESO
AGAP7,MESO
AGBL3,MESO
AGK,MESO
AGL,MESO
AGO3,MESO
AGPAT1,MESO
AGPAT2,MESO
AGPAT3,MESO
AGPAT4,MESO
AGPAT5,MESO
AGR2,MESO
AGR3,MESO
AGRP,MESO
AGTPBP1,MESO
AGTR1,MESO
AGTR2,MESO
AHCTF1,MESO
AHCY,MESO
AHCYL1,MESO
AHCYL2,MESO
AHI1,MESO
AHNAK,MESO
AHR,MESO
AHSA1,MESO
AIFM1,MESO
AIFM2,MESO
AIMP2,MESO
AK1,MESO
AK2,MESO
AK3,MESO
AK4,MESO
AK6,MESO
AK9,MESO
AKAP13,MESO
AKAP17A,MESO
AKAP3,MESO
AKAP4,MESO
AKAP5,MESO
AKAP8L,MESO
AKAP9,MESO
AKIP1,MESO
AKIRIN1,MESO
AKIRIN2,MESO
AKR1B15,MESO
AKR1C2,MESO
AKR1C4,MESO
AKR1D1,MESO
AKR7A3,MESO
AKT1,MESO
AKT2,MESO
AKTIP,MESO
ALAD,MESO
ALAS1,MESO
ALAS2,MESO
ALCAM,MESO
ALDH16A1,MESO
ALDH3A2,MESO
ALDH6A1,MESO
ALDH8A1,MESO
ALDH9A1,MESO
ALDOA,MESO
ALDOC,MESO
ALG1,MESO
ALG10,MESO
ALG10B,MESO
ALG11,MESO
ALG12,MESO
ALG13,MESO
ALG14,MESO
ALG1L,MESO
ALG2,MESO
ALG3,MESO
ALG5,MESO
ALG6,MESO
ALG8,MESO
ALG9,MESO
ALK,MESO
ALKBH1,MESO
ALKBH3,MESO
ALKBH4,MESO
ALKBH8,MESO
ALLC,MESO
ALMS1,MESO
ALOX5,MESO
ALPK3,MESO
ALS2CR11,MESO
ALX3,MESO
ALX4,MESO
ALYREF,MESO
AMACR,MESO
AMBN,MESO
AMBRA1,MESO
AMD1,MESO
AMDHD2,MESO
AMER1,MESO
AMER3,MESO
AMFR,MESO
AMN,MESO
AMPD1,MESO
AMTN,MESO
AMY1B,MESO
AMY2A,MESO
AMY2B,MESO
AMZ2,MESO
ANAPC1,MESO
ANAPC10,MESO
ANAPC11,MESO
ANAPC13,MESO
ANAPC15,MESO
ANAPC16,MESO
ANAPC2,MESO
ANAPC4,MESO
ANAPC5,MESO
ANG,MESO
ANGEL2,MESO
ANGPT1,MESO
ANGPTL3,MESO
ANGPTL5,MESO
ANK3,MESO
ANKAR,MESO
ANKFY1,MESO
ANKHD1,MESO
ANKHD1-EIF4EBP3,MESO
ANKIB1,MESO
ANKLE2,MESO
ANKMY2,MESO
ANKRA2,MESO
ANKRD1,MESO
ANKRD11,MESO
ANKRD17,MESO
ANKRD18A,MESO
ANKRD22,MESO
ANKRD23,MESO
ANKRD28,MESO
ANKRD30A,MESO
ANKRD31,MESO
ANKRD32,MESO
ANKRD34B,MESO
ANKRD34C,MESO
ANKRD36,MESO
ANKRD40,MESO
ANKRD42,MESO
ANKRD49,MESO
ANKRD50,MESO
ANKRD52,MESO
ANKRD54,MESO
ANKRD6,MESO
ANKRD65,MESO
ANKRD7,MESO
ANLN,MESO
ANO1,MESO
ANO3,MESO
ANP32A,MESO
ANP32B,MESO
ANP32E,MESO
ANTXR1,MESO
ANTXR2,MESO
ANTXRL,MESO
ANXA1,MESO
ANXA10,MESO
ANXA13,MESO
ANXA2,MESO
ANXA2R,MESO
ANXA3,MESO
ANXA8,MESO
ANXA8L2,MESO
AOAH,MESO
AP1AR,MESO
AP1B1,MESO
AP1G1,MESO
AP1M2,MESO
AP1S2,MESO
AP2A1,MESO
AP2B1,MESO
AP2M1,MESO
AP2S1,MESO
AP3B1,MESO
AP3M1,MESO
AP3M2,MESO
AP3S1,MESO
AP4S1,MESO
AP5M1,MESO
APBA1,MESO
APBA2,MESO
APBB1IP,MESO
APC,MESO
APC2,MESO
APCS,MESO
APEX1,MESO
APEX2,MESO
APH1A,MESO
APH1B,MESO
API5,MESO
APIP,MESO
APITD1,MESO
APITD1-CORT,MESO
APLP1,MESO
APLP2,MESO
APMAP,MESO
APOBEC3A,MESO
APOBEC3D,MESO
APOBEC4,MESO
APOC2,MESO
APOE,MESO
APOH,MESO
APOL2,MESO
APOOL,MESO
APPBP2,MESO
APPL2,MESO
APRT,MESO
APTX,MESO
AQP1,MESO
AQP10,MESO
AQP12B,MESO
AQP7,MESO
AQP9,MESO
AQR,MESO
AR,MESO
ARAP1,MESO
ARAP2,MESO
ARCN1,MESO
ARF1,MESO
ARF3,MESO
ARF4,MESO
ARF6,MESO
ARFGAP1,MESO
ARFGEF1,MESO
ARFIP1,MESO
ARFRP1,MESO
ARGLU1,MESO
ARHGAP1,MESO
ARHGAP11A,MESO
ARHGAP11B,MESO
ARHGAP19,MESO
ARHGAP21,MESO
ARHGAP24,MESO
ARHGAP26,MESO
ARHGAP29,MESO
ARHGAP30,MESO
ARHGAP35,MESO
ARHGAP5,MESO
ARHGAP6,MESO
ARHGAP8,MESO
ARHGDIB,MESO
ARHGEF11,MESO
ARHGEF12,MESO
ARHGEF2,MESO
ARHGEF25,MESO
ARHGEF3,MESO
ARHGEF33,MESO
ARHGEF35,MESO
ARHGEF38,MESO
ARHGEF5,MESO
ARHGEF7,MESO
ARHGEF9,MESO
ARID1A,MESO
ARID1B,MESO
ARID2,MESO
ARID3A,MESO
ARID3B,MESO
ARID4A,MESO
ARID4B,MESO
ARID5A,MESO
ARIH1,MESO
ARIH2,MESO
ARL1,MESO
ARL10,MESO
ARL11,MESO
ARL13B,MESO
ARL14,MESO
ARL14EP,MESO
ARL14EPL,MESO
ARL15,MESO
ARL2,MESO
ARL2BP,MESO
ARL3,MESO
ARL4A,MESO
ARL5A,MESO
ARL5B,MESO
ARL6IP1,MESO
ARL6IP6,MESO
ARL8B,MESO
ARMC1,MESO
ARMC10,MESO
ARMC2,MESO
ARMC5,MESO
ARMC7,MESO
ARMC9,MESO
ARMCX1,MESO
ARMCX3,MESO
ARMCX5,MESO
ARMCX6,MESO
ARNT,MESO
ARNTL,MESO
ARPC1A,MESO
ARPC2,MESO
ARPC3,MESO
ARPC4,MESO
ARPC5,MESO
ARPP19,MESO
ARRB1,MESO
ARRB2,MESO
ARRDC4,MESO
ARSB,MESO
ARSK,MESO
ART3,MESO
ARTN,MESO
ARV1,MESO
AS3MT,MESO
ASAH1,MESO
ASB17,MESO
ASB3,MESO
ASB6,MESO
ASB7,MESO
ASCC1,MESO
ASCC3,MESO
ASCL1,MESO
ASCL2,MESO
ASF1A,MESO
ASF1B,MESO
ASH2L,MESO
ASIC1,MESO
ASIP,MESO
ASMT,MESO
ASNA1,MESO
ASNS,MESO
ASNSD1,MESO
ASPDH,MESO
ASPHD2,MESO
ASPM,MESO
ASTL,MESO
ASUN,MESO
ASXL3,MESO
ATAD1,MESO
ATAD2,MESO
ATAD3A,MESO
ATAD5,MESO
ATAT1,MESO
ATF1,MESO
ATF2,MESO
ATF4,MESO
ATF5,MESO
ATF6,MESO
ATF7,MESO
ATF7IP,MESO
ATG10,MESO
ATG12,MESO
ATG13,MESO
ATG14,MESO
ATG2B,MESO
ATG3,MESO
ATG4C,MESO
ATG5,MESO
ATG9A,MESO
ATHL1,MESO
ATIC,MESO
ATL1,MESO
ATL2,MESO
ATL3,MESO
ATM,MESO
ATMIN,MESO
ATOH1,MESO
ATOX1,MESO
ATP10A,MESO
ATP10D,MESO
ATP11B,MESO
ATP11C,MESO
ATP13A1,MESO
ATP1A1,MESO
ATP1B1,MESO
ATP1B3,MESO
ATP2A2,MESO
ATP2B1,MESO
ATP2B4,MESO
ATP2C1,MESO
ATP5A1,MESO
ATP5B,MESO
ATP5C1,MESO
ATP5D,MESO
ATP5F1,MESO
ATP5G1,MESO
ATP5G2,MESO
ATP5H,MESO
ATP5I,MESO
ATP5J,MESO
ATP5J2,MESO
ATP5J2-PTCD1,MESO
ATP5L,MESO
ATP5L2,MESO
ATP5O,MESO
ATP5SL,MESO
ATP6AP1,MESO
ATP6AP1L,MESO
ATP6AP2,MESO
ATP6V0A1,MESO
ATP6V0B,MESO
ATP6V0C,MESO
ATP6V0D1,MESO
ATP6V0D2,MESO
ATP6V0E1,MESO
ATP6V0E2,MESO
ATP6V1A,MESO
ATP6V1B2,MESO
ATP6V1C1,MESO
ATP6V1D,MESO
ATP6V1E1,MESO
ATP6V1F,MESO
ATP6V1G1,MESO
ATP6V1G3,MESO
ATP6V1H,MESO
ATP7A,MESO
ATP8A1,MESO
ATP8A2,MESO
ATP8B2,MESO
ATPAF2,MESO
ATPIF1,MESO
ATR,MESO
ATRIP,MESO
ATRN,MESO
ATRX,MESO
ATXN10,MESO
ATXN2L,MESO
ATXN3L,MESO
ATXN7,MESO
ATXN7L3,MESO
ATXN7L3B,MESO
AUP1,MESO
AURKA,MESO
AURKAIP1,MESO
AURKB,MESO
AUTS2,MESO
AVEN,MESO
AVIL,MESO
AVP,MESO
AVPR1A,MESO
AXDND1,MESO
AXIN2,MESO
AZGP1,MESO
AZI2,MESO
AZIN1,MESO
B3GALNT1,MESO
B3GALT4,MESO
B3GNT2,MESO
B3GNT5,MESO
B3GNT6,MESO
B4GALNT1,MESO
B4GALT3,MESO
B4GALT4,MESO
B4GALT7,MESO
BACH1,MESO
BAG4,MESO
BAI2,MESO
BAK1,MESO
BAMBI,MESO
BANF1,MESO
BANK1,MESO
BANP,MESO
BAP1,MESO
BARD1,MESO
BATF,MESO
BATF2,MESO
BAZ1A,MESO
BAZ1B,MESO
BAZ2B,MESO
BBIP1,MESO
BBS10,MESO
BBS12,MESO
BBS5,MESO
BCAN,MESO
BCAP29,MESO
BCAP31,MESO
BCAR1,MESO
BCAR3,MESO
BCAS1,MESO
BCAS2,MESO
BCAT1,MESO
BCCIP,MESO
BCDIN3D,MESO
BCKDHA,MESO
BCL10,MESO
BCL11B,MESO
BCL2,MESO
BCL2L1,MESO
BCL2L12,MESO
BCL2L15,MESO
BCL2L2-PABPN1,MESO
BCL6,MESO
BCL7C,MESO
BCL9,MESO
BCL9L,MESO
BCLAF1,MESO
BCORL1,MESO
BCS1L,MESO
BDH2,MESO
BDNF,MESO
BDP1,MESO
BECN1,MESO
BEND3,MESO
BET1,MESO
BEX2,MESO
BEX4,MESO
BFAR,MESO
BFSP1,MESO
BGLAP,MESO
BHLHB9,MESO
BHLHE22,MESO
BHLHE40,MESO
BHLHE41,MESO
BHMT,MESO
BICD2,MESO
BID,MESO
BIRC2,MESO
BIRC3,MESO
BIRC5,MESO
BIRC6,MESO
BIRC8,MESO
BIVM,MESO
BLM,MESO
BLOC1S2,MESO
BLOC1S6,MESO
BLVRB,MESO
BLZF1,MESO
BMF,MESO
BMI1,MESO
BMP10,MESO
BMP2K,MESO
BMP3,MESO
BMP4,MESO
BMP5,MESO
BMP8A,MESO
BMP8B,MESO
BMPR1A,MESO
BMPR1B,MESO
BMPR2,MESO
BMS1,MESO
BNC1,MESO
BNC2,MESO
BNIP1,MESO
BNIP2,MESO
BNIP3,MESO
BOD1L1,MESO
BOD1L2,MESO
BOLA3,MESO
BOP1,MESO
BORA,MESO
BPGM,MESO
BPIFC,MESO
BPNT1,MESO
BPTF,MESO
BPY2C,MESO
BRAF,MESO
BRAP,MESO
BRAT1,MESO
BRCA1,MESO
BRCA2,MESO
BRCC3,MESO
BRD1,MESO
BRD2,MESO
BRD4,MESO
BRD7,MESO
BRD8,MESO
BRD9,MESO
BRF1,MESO
BRF2,MESO
BRI3,MESO
BRI3BP,MESO
BRINP2,MESO
BRIP1,MESO
BRIX1,MESO
BRMS1,MESO
BRMS1L,MESO
BRPF1,MESO
BRPF3,MESO
BRS3,MESO
BRWD1,MESO
BRWD3,MESO
BSCL2,MESO
BSG,MESO
BSN,MESO
BSND,MESO
BSPH1,MESO
BST1,MESO
BTAF1,MESO
BTBD10,MESO
BTBD3,MESO
BTBD6,MESO
BTBD7,MESO
BTBD8,MESO
BTBD9,MESO
BTC,MESO
BTD,MESO
BTF3,MESO
BTF3L4,MESO
BTG1,MESO
BTK,MESO
BTLA,MESO
BTRC,MESO
BUB1,MESO
BUB1B,MESO
BUB3,MESO
BUD13,MESO
BUD31,MESO
BYSL,MESO
BZW1,MESO
BZW2,MESO
C10orf10,MESO
C10orf107,MESO
C10orf128,MESO
C10orf129,MESO
C10orf131,MESO
C10orf137,MESO
C10orf2,MESO
C10orf68,MESO
C10orf76,MESO
C10orf82,MESO
C10orf88,MESO
C10orf95,MESO
C11orf30,MESO
C11orf31,MESO
C11orf42,MESO
C11orf49,MESO
C11orf54,MESO
C11orf57,MESO
C11orf58,MESO
C11orf65,MESO
C11orf70,MESO
C11orf73,MESO
C11orf74,MESO
C11orf82,MESO
C11orf83,MESO
C11orf85,MESO
C11orf88,MESO
C11orf91,MESO
C11orf94,MESO
C12orf10,MESO
C12orf4,MESO
C12orf40,MESO
C12orf42,MESO
C12orf43,MESO
C12orf45,MESO
C12orf49,MESO
C12orf50,MESO
C12orf52,MESO
C12orf56,MESO
C12orf57,MESO
C12orf65,MESO
C12orf71,MESO
C12orf75,MESO
C13orf45,MESO
C14orf159,MESO
C14orf164,MESO
C14orf166,MESO
C14orf166B,MESO
C14orf178,MESO
C14orf2,MESO
C14orf28,MESO
C14orf39,MESO
C14orf80,MESO
C15orf26,MESO
C15orf38-AP3S2,MESO
C15orf41,MESO
C15orf43,MESO
C15orf48,MESO
C15orf57,MESO
C16orf45,MESO
C16orf59,MESO
C16orf62,MESO
C16orf72,MESO
C16orf80,MESO
C16orf87,MESO
C16orf90,MESO
C16orf92,MESO
C17orf102,MESO
C17orf104,MESO
C17orf105,MESO
C17orf49,MESO
C17orf58,MESO
C17orf66,MESO
C17orf70,MESO
C17orf74,MESO
C17orf75,MESO
C17orf80,MESO
C17orf85,MESO
C17orf89,MESO
C17orf96,MESO
C17orf98,MESO
C17orf99,MESO
C18orf21,MESO
C18orf32,MESO
C19orf18,MESO
C19orf25,MESO
C19orf40,MESO
C19orf43,MESO
C19orf48,MESO
C19orf52,MESO
C19orf53,MESO
C19orf70,MESO
C19orf77,MESO
C19orf82,MESO
C19orf83,MESO
C1D,MESO
C1GALT1,MESO
C1GALT1C1,MESO
C1orf101,MESO
C1orf105,MESO
C1orf109,MESO
C1orf112,MESO
C1orf122,MESO
C1orf131,MESO
C1orf146,MESO
C1orf172,MESO
C1orf234,MESO
C1orf27,MESO
C1orf35,MESO
C1orf43,MESO
C1orf52,MESO
C1orf54,MESO
C1orf74,MESO
C1orf86,MESO
C1orf87,MESO
C1QBP,MESO
C1QL2,MESO
C1QTNF5,MESO
C1QTNF9,MESO
C1QTNF9B,MESO
C1S,MESO
C20orf112,MESO
C20orf196,MESO
C20orf197,MESO
C20orf24,MESO
C20orf85,MESO
C21orf2,MESO
C21orf59,MESO
C22orf43,MESO
C22orf46,MESO
C2CD4D,MESO
C2CD5,MESO
C2orf15,MESO
C2orf43,MESO
C2orf49,MESO
C2orf53,MESO
C2orf57,MESO
C2orf68,MESO
C2orf76,MESO
C2orf78,MESO
C2orf80,MESO
C2orf88,MESO
C3orf14,MESO
C3orf17,MESO
C3orf27,MESO
C3orf36,MESO
C3orf38,MESO
C3orf58,MESO
C3orf62,MESO
C3orf70,MESO
C3orf83,MESO
C4BPA,MESO
C4BPB,MESO
C4orf27,MESO
C4orf33,MESO
C4orf46,MESO
C4orf47,MESO
C4orf51,MESO
C5orf15,MESO
C5orf38,MESO
C5orf48,MESO
C5orf52,MESO
C5orf58,MESO
C5orf60,MESO
C6,MESO
C6orf106,MESO
C6orf163,MESO
C6orf211,MESO
C6orf226,MESO
C6orf47,MESO
C6orf48,MESO
C6orf58,MESO
C6orf62,MESO
C6orf89,MESO
C7orf25,MESO
C7orf26,MESO
C7orf34,MESO
C7orf55-LUC7L2,MESO
C7orf57,MESO
C7orf62,MESO
C8orf33,MESO
C8orf44,MESO
C8orf88,MESO
C9orf114,MESO
C9orf129,MESO
C9orf131,MESO
C9orf135,MESO
C9orf153,MESO
C9orf156,MESO
C9orf16,MESO
C9orf172,MESO
C9orf41,MESO
C9orf78,MESO
C9orf85,MESO
C9orf96,MESO
CA11,MESO
CA5A,MESO
CAAP1,MESO
CAB39,MESO
CABIN1,MESO
CACNA2D1,MESO
CACNB1,MESO
CACNB3,MESO
CACNG2,MESO
CACNG3,MESO
CACNG6,MESO
CACTIN,MESO
CACYBP,MESO
CAD,MESO
CADM4,MESO
CALCA,MESO
CALCB,MESO
CALCOCO2,MESO
CALM2,MESO
CALML6,MESO
CAMK1D,MESO
CAMK2B,MESO
CAMLG,MESO
CAMSAP2,MESO
CAMSAP3,MESO
CAND1,MESO
CANT1,MESO
CANX,MESO
CAP1,MESO
CAPN15,MESO
CAPRIN1,MESO
CAPS2,MESO
CAPZA2,MESO
CAPZB,MESO
CARD10,MESO
CARD16,MESO
CARD17,MESO
CARM1,MESO
CARS,MESO
CARS2,MESO
CASC1,MESO
CASC3,MESO
CASC5,MESO
CASP3,MESO
CASP8,MESO
CAST,MESO
CASZ1,MESO
CATSPER1,MESO
CATSPER4,MESO
CAV1,MESO
CAV2,MESO
CBFB,MESO
CBLL1,MESO
CBLN2,MESO
CBLN4,MESO
CBWD1,MESO
CBWD3,MESO
CBX1,MESO
CBX3,MESO
CC2D1A,MESO
CC2D2B,MESO
CCAR1,MESO
CCDC101,MESO
CCDC102A,MESO
CCDC102B,MESO
CCDC104,MESO
CCDC106,MESO
CCDC107,MESO
CCDC109B,MESO
CCDC112,MESO
CCDC115,MESO
CCDC117,MESO
CCDC12,MESO
CCDC121,MESO
CCDC130,MESO
CCDC132,MESO
CCDC137,MESO
CCDC140,MESO
CCDC144A,MESO
CCDC144NL,MESO
CCDC148,MESO
CCDC152,MESO
CCDC158,MESO
CCDC160,MESO
CCDC172,MESO
CCDC173,MESO
CCDC174,MESO
CCDC178,MESO
CCDC179,MESO
CCDC181,MESO
CCDC22,MESO
CCDC23,MESO
CCDC25,MESO
CCDC27,MESO
CCDC38,MESO
CCDC43,MESO
CCDC50,MESO
CCDC51,MESO
CCDC58,MESO
CCDC59,MESO
CCDC6,MESO
CCDC62,MESO
CCDC63,MESO
CCDC66,MESO
CCDC68,MESO
CCDC69,MESO
CCDC73,MESO
CCDC74B,MESO
CCDC77,MESO
CCDC80,MESO
CCDC82,MESO
CCDC84,MESO
CCDC85C,MESO
CCDC86,MESO
CCDC9,MESO
CCDC90B,MESO
CCDC91,MESO
CCDC93,MESO
CCDC94,MESO
CCER1,MESO
CCIN,MESO
CCL1,MESO
CCL13,MESO
CCL27,MESO
CCL7,MESO
CCM2,MESO
CCNA2,MESO
CCNB1,MESO
CCNB1IP1,MESO
CCNB2,MESO
CCNC,MESO
CCND1,MESO
CCND2,MESO
CCND3,MESO
CCNDBP1,MESO
CCNE1,MESO
CCNE2,MESO
CCNF,MESO
CCNG1,MESO
CCNH,MESO
CCNI,MESO
CCNK,MESO
CCNL1,MESO
CCNT1,MESO
CCNT2,MESO
CCNYL1,MESO
CCP110,MESO
CCR4,MESO
CCR5,MESO
CCS,MESO
CCSER1,MESO
CCT2,MESO
CCT3,MESO
CCT4,MESO
CCT5,MESO
CCT6A,MESO
CCT6B,MESO
CCT7,MESO
CCT8,MESO
CCT8L2,MESO
CCZ1B,MESO
CD151,MESO
CD163,MESO
CD164,MESO
CD177,MESO
CD19,MESO
CD1C,MESO
CD200,MESO
CD244,MESO
CD27,MESO
CD276,MESO
CD2AP,MESO
CD2BP2,MESO
CD300C,MESO
CD302,MESO
CD36,MESO
CD37,MESO
CD3D,MESO
CD3EAP,MESO
CD4,MESO
CD44,MESO
CD46,MESO
CD47,MESO
CD48,MESO
CD52,MESO
CD55,MESO
CD58,MESO
CD5L,MESO
CD79A,MESO
CD79B,MESO
CD81,MESO
CD86,MESO
CD8B,MESO
CD9,MESO
CD96,MESO
CDADC1,MESO
CDAN1,MESO
CDC123,MESO
CDC16,MESO
CDC20,MESO
CDC23,MESO
CDC25A,MESO
CDC25B,MESO
CDC26,MESO
CDC27,MESO
CDC37,MESO
CDC37L1,MESO
CDC40,MESO
CDC42,MESO
CDC45,MESO
CDC5L,MESO
CDC6,MESO
CDC7,MESO
CDC73,MESO
CDCA2,MESO
CDCA3,MESO
CDCA5,MESO
CDCA8,MESO
CDCP2,MESO
CDH1,MESO
CDH10,MESO
CDH11,MESO
CDH17,MESO
CDH2,MESO
CDH23,MESO
CDH24,MESO
CDIP1,MESO
CDIPT,MESO
CDK1,MESO
CDK11A,MESO
CDK12,MESO
CDK13,MESO
CDK16,MESO
CDK17,MESO
CDK2,MESO
CDK2AP2,MESO
CDK4,MESO
CDK5,MESO
CDK5R2,MESO
CDK5RAP2,MESO
CDK5RAP3,MESO
CDK6,MESO
CDK7,MESO
CDK8,MESO
CDK9,MESO
CDKL4,MESO
CDKN2AIP,MESO
CDKN2B,MESO
CDRT1,MESO
CDRT15,MESO
CDRT15L2,MESO
CDS2,MESO
CDT1,MESO
CDX2,MESO
CDY2B,MESO
CEACAM3,MESO
CEACAM4,MESO
CEACAM5,MESO
CEACAM6,MESO
CEACAM8,MESO
CEBPA,MESO
CEBPB,MESO
CEBPD,MESO
CEBPZ,MESO
CELSR2,MESO
CEND1,MESO
CENPA,MESO
CENPC,MESO
CENPE,MESO
CENPF,MESO
CENPH,MESO
CENPI,MESO
CENPJ,MESO
CENPK,MESO
CENPL,MESO
CENPM,MESO
CENPN,MESO
CENPO,MESO
CENPP,MESO
CENPQ,MESO
CENPT,MESO
CENPU,MESO
CENPW,MESO
CEP104,MESO
CEP112,MESO
CEP120,MESO
CEP135,MESO
CEP152,MESO
CEP170,MESO
CEP170B,MESO
CEP192,MESO
CEP290,MESO
CEP350,MESO
CEP44,MESO
CEP55,MESO
CEP57,MESO
CEP57L1,MESO
CEP63,MESO
CEP70,MESO
CEP78,MESO
CEP85,MESO
CEP95,MESO
CEP97,MESO
CEPT1,MESO
CERS2,MESO
CERS3,MESO
CERS5,MESO
CES1,MESO
CETN2,MESO
CETN3,MESO
CFC1,MESO
CFC1B,MESO
CFDP1,MESO
CFH,MESO
CFHR1,MESO
CFHR3,MESO
CFHR4,MESO
CFHR5,MESO
CFI,MESO
CFL1,MESO
CFLAR,MESO
CH25H,MESO
CHAC2,MESO
CHAF1A,MESO
CHAF1B,MESO
CHAMP1,MESO
CHCHD1,MESO
CHCHD2,MESO
CHCHD3,MESO
CHCHD4,MESO
CHCHD5,MESO
CHCHD7,MESO
CHD1,MESO
CHD2,MESO
CHD4,MESO
CHD6,MESO
CHD7,MESO
CHD8,MESO
CHD9,MESO
CHDC2,MESO
CHEK1,MESO
CHERP,MESO
CHFR,MESO
CHI3L2,MESO
CHIC1,MESO
CHIC2,MESO
CHKA,MESO
CHM,MESO
CHML,MESO
CHMP1A,MESO
CHMP1B,MESO
CHMP2A,MESO
CHMP2B,MESO
CHMP3,MESO
CHMP4B,MESO
CHMP5,MESO
CHMP6,MESO
CHMP7,MESO
CHORDC1,MESO
CHP1,MESO
CHPT1,MESO
CHRAC1,MESO
CHRFAM7A,MESO
CHRM2,MESO
CHRM4,MESO
CHRNE,MESO
CHST10,MESO
CHST11,MESO
CHST8,MESO
CHTF18,MESO
CHTF8,MESO
CHTOP,MESO
CHUK,MESO
CHURC1,MESO
CIAO1,MESO
CIAPIN1,MESO
CILP,MESO
CINP,MESO
CIR1,MESO
CIRH1A,MESO
CISD1,MESO
CIT,MESO
CITED2,MESO
CITED4,MESO
CKAP2,MESO
CKAP2L,MESO
CKAP4,MESO
CKAP5,MESO
CKS2,MESO
CLASRP,MESO
CLCC1,MESO
CLCN3,MESO
CLDN1,MESO
CLDN24,MESO
CLDN6,MESO
CLDND1,MESO
CLDND2,MESO
CLEC11A,MESO
CLEC12A,MESO
CLEC18A,MESO
CLEC18B,MESO
CLEC18C,MESO
CLEC2B,MESO
CLEC9A,MESO
CLECL1,MESO
CLGN,MESO
CLHC1,MESO
CLIC4,MESO
CLINT1,MESO
CLK1,MESO
CLK2,MESO
CLK3,MESO
CLMN,MESO
CLMP,MESO
CLNS1A,MESO
CLOCK,MESO
CLP1,MESO
CLPB,MESO
CLPP,MESO
CLPX,MESO
CLSPN,MESO
CLTA,MESO
CLTC,MESO
CLTCL1,MESO
CLUAP1,MESO
CLUH,MESO
CMA1,MESO
CMAS,MESO
CMC1,MESO
CMC2,MESO
CMC4,MESO
CMIP,MESO
CMPK1,MESO
CMTM6,MESO
CMTR1,MESO
CMTR2,MESO
CNBP,MESO
CNEP1R1,MESO
CNGA1,MESO
CNIH1,MESO
CNN2,MESO
CNOT1,MESO
CNOT10,MESO
CNOT11,MESO
CNOT2,MESO
CNOT3,MESO
CNOT4,MESO
CNOT6,MESO
CNOT6L,MESO
CNOT7,MESO
CNOT8,MESO
CNPY2,MESO
CNR1,MESO
CNTLN,MESO
CNTN1,MESO
CNTN5,MESO
CNTN6,MESO
CNTNAP2,MESO
CNTNAP3,MESO
CNTNAP3B,MESO
CNTRL,MESO
CNTROB,MESO
COA3,MESO
COA5,MESO
COA6,MESO
COASY,MESO
COBLL1,MESO
COCH,MESO
COG1,MESO
COG2,MESO
COG3,MESO
COG4,MESO
COG5,MESO
COG6,MESO
COG7,MESO
COG8,MESO
COIL,MESO
COL11A2,MESO
COL1A2,MESO
COL24A1,MESO
COL3A1,MESO
COL4A3BP,MESO
COL7A1,MESO
COMMD10,MESO
COMMD2,MESO
COMMD3,MESO
COMMD4,MESO
COMMD5,MESO
COMMD6,MESO
COMMD8,MESO
COMP,MESO
COMT,MESO
COPA,MESO
COPB1,MESO
COPB2,MESO
COPE,MESO
COPG1,MESO
COPRS,MESO
COPS2,MESO
COPS3,MESO
COPS4,MESO
COPS5,MESO
COPS6,MESO
COPS7A,MESO
COPS7B,MESO
COPS8,MESO
COPZ1,MESO
COQ10B,MESO
COQ2,MESO
COQ3,MESO
COQ4,MESO
COQ5,MESO
COQ6,MESO
COQ7,MESO
CORO6,MESO
CORT,MESO
COX10,MESO
COX11,MESO
COX14,MESO
COX15,MESO
COX16,MESO
COX17,MESO
COX18,MESO
COX19,MESO
COX20,MESO
COX4I1,MESO
COX5A,MESO
COX5B,MESO
COX6A1,MESO
COX6B1,MESO
COX6C,MESO
COX7A2,MESO
COX7B,MESO
COX7C,MESO
COX8A,MESO
CP,MESO
CPA6,MESO
CPAMD8,MESO
CPD,MESO
CPNE2,MESO
CPNE5,MESO
CPOX,MESO
CPSF1,MESO
CPSF2,MESO
CPSF3,MESO
CPSF3L,MESO
CPSF4,MESO
CPSF6,MESO
CPXCR1,MESO
CRAMP1L,MESO
CRBN,MESO
CRCP,MESO
CRCT1,MESO
CREB1,MESO
CREBBP,MESO
CREBRF,MESO
CREBZF,MESO
CRHR1,MESO
CRIP3,MESO
CRIPT,MESO
CRISP1,MESO
CRISP2,MESO
CRK,MESO
CRKL,MESO
CRLF3,MESO
CRLS1,MESO
CRNKL1,MESO
CROCC,MESO
CRTAM,MESO
CRTC2,MESO
CRTC3,MESO
CRYAB,MESO
CRYBA1,MESO
CRYGD,MESO
CRYZL1,MESO
CS,MESO
CSDE1,MESO
CSE1L,MESO
CSF1,MESO
CSF2RA,MESO
CSF3,MESO
CSGALNACT1,MESO
CSGALNACT2,MESO
CSH1,MESO
CSH2,MESO
CSHL1,MESO
CSK,MESO
CSMD3,MESO
CSN1S1,MESO
CSN2,MESO
CSN3,MESO
CSNK1A1,MESO
CSNK2A1,MESO
CSNK2A3,MESO
CSNK2B,MESO
CSPG4,MESO
CSPG5,MESO
CSRP2,MESO
CST4,MESO
CSTA,MESO
CSTB,MESO
CSTF1,MESO
CSTF2,MESO
CSTF3,MESO
CSTL1,MESO
CT45A5,MESO
CTAG1A,MESO
CTAG1B,MESO
CTAGE1,MESO
CTAGE5,MESO
CTAGE9,MESO
CTBP1,MESO
CTBP2,MESO
CTC1,MESO
CTCF,MESO
CTDNEP1,MESO
CTDP1,MESO
CTDSP2,MESO
CTDSPL,MESO
CTDSPL2,MESO
CTNNA2,MESO
CTNNB1,MESO
CTNNBIP1,MESO
CTNNBL1,MESO
CTNND1,MESO
CTNS,MESO
CTPS1,MESO
CTR9,MESO
CTSL,MESO
CTSS,MESO
CTTN,MESO
CTU1,MESO
CTU2,MESO
CTXN1,MESO
CUEDC1,MESO
CUL1,MESO
CUL2,MESO
CUL3,MESO
CUL4A,MESO
CUL4B,MESO
CUTC,MESO
CWC22,MESO
CWC25,MESO
CWC27,MESO
CWF19L1,MESO
CWF19L2,MESO
CWH43,MESO
CXADR,MESO
CXCL10,MESO
CXCL11,MESO
CXCL2,MESO
CXorf30,MESO
CXorf36,MESO
CXorf40A,MESO
CXorf40B,MESO
CXorf56,MESO
CXorf58,MESO
CXorf61,MESO
CXXC1,MESO
CYB561,MESO
CYB561A3,MESO
CYB561D2,MESO
CYB5A,MESO
CYB5B,MESO
CYB5R3,MESO
CYB5R4,MESO
CYC1,MESO
CYCS,MESO
CYFIP1,MESO
CYLD,MESO
CYP11A1,MESO
CYP17A1,MESO
CYP27B1,MESO
CYP27C1,MESO
CYP2A7,MESO
CYP2C18,MESO
CYP2C8,MESO
CYP2C9,MESO
CYP2D6,MESO
CYP39A1,MESO
CYP3A43,MESO
CYP4B1,MESO
CYP4F11,MESO
CYP4F2,MESO
CYP4V2,MESO
CYP4X1,MESO
CYP4Z1,MESO
CYP51A1,MESO
CYSLTR2,MESO
CYTH1,MESO
CYTH3,MESO
DAD1,MESO
DAGLB,MESO
DAND5,MESO
DAP,MESO
DAP3,MESO
DAPK3,MESO
DAPP1,MESO
DARS,MESO
DARS2,MESO
DAXX,MESO
DAZAP1,MESO
DAZL,MESO
DBF4,MESO
DBN1,MESO
DBNDD1,MESO
DBR1,MESO
DBX2,MESO
DCAF10,MESO
DCAF12,MESO
DCAF15,MESO
DCAF17,MESO
DCAF4L1,MESO
DCAF6,MESO
DCAF8L1,MESO
DCLK2,MESO
DCLK3,MESO
DCLRE1A,MESO
DCLRE1B,MESO
DCP2,MESO
DCPS,MESO
DCTD,MESO
DCTN1,MESO
DCTN2,MESO
DCTN3,MESO
DCTN4,MESO
DCTN5,MESO
DCTN6,MESO
DCUN1D1,MESO
DCUN1D4,MESO
DCUN1D5,MESO
DDA1,MESO
DDB1,MESO
DDI2,MESO
DDIT3,MESO
DDIT4,MESO
DDN,MESO
DDOST,MESO
DDRGK1,MESO
DDT,MESO
DDTL,MESO
DDX1,MESO
DDX10,MESO
DDX11,MESO
DDX17,MESO
DDX18,MESO
DDX19A,MESO
DDX20,MESO
DDX21,MESO
DDX23,MESO
DDX24,MESO
DDX27,MESO
DDX28,MESO
DDX39A,MESO
DDX39B,MESO
DDX3X,MESO
DDX3Y,MESO
DDX4,MESO
DDX41,MESO
DDX42,MESO
DDX43,MESO
DDX46,MESO
DDX47,MESO
DDX49,MESO
DDX5,MESO
DDX50,MESO
DDX51,MESO
DDX52,MESO
DDX54,MESO
DDX55,MESO
DDX56,MESO
DDX58,MESO
DDX59,MESO
DDX6,MESO
DDX60L,MESO
DEAF1,MESO
DEC1,MESO
DEF8,MESO
DEFA4,MESO
DEFB1,MESO
DEFB103A,MESO
DEFB103B,MESO
DEFB104A,MESO
DEFB104B,MESO
DEFB105A,MESO
DEFB105B,MESO
DEFB106B,MESO
DEFB107B,MESO
DEFB108B,MESO
DEFB114,MESO
DEFB115,MESO
DEFB118,MESO
DEFB121,MESO
DEFB123,MESO
DEFB125,MESO
DEFB128,MESO
DEFB129,MESO
DEFB136,MESO
DEFB4A,MESO
DEFB4B,MESO
DENND1C,MESO
DENND2D,MESO
DENND4A,MESO
DENND4C,MESO
DENND5A,MESO
DENR,MESO
DEPDC1,MESO
DEPDC1B,MESO
DEPDC4,MESO
DEPDC7,MESO
DERA,MESO
DERL1,MESO
DERL2,MESO
DET1,MESO
DEXI,MESO
DGCR14,MESO
DGCR6,MESO
DGCR6L,MESO
DGCR8,MESO
DGKD,MESO
DHCR24,MESO
DHCR7,MESO
DHDDS,MESO
DHFR,MESO
DHFRL1,MESO
DHODH,MESO
DHPS,MESO
DHRS12,MESO
DHRS13,MESO
DHRS3,MESO
DHRS7C,MESO
DHRSX,MESO
DHX15,MESO
DHX16,MESO
DHX29,MESO
DHX30,MESO
DHX33,MESO
DHX35,MESO
DHX36,MESO
DHX37,MESO
DHX38,MESO
DHX40,MESO
DHX57,MESO
DHX8,MESO
DHX9,MESO
DIAPH1,MESO
DIAPH2,MESO
DIAPH3,MESO
DICER1,MESO
DIDO1,MESO
DIEXF,MESO
DIMT1,MESO
DIP2B,MESO
DIRC2,MESO
DIS3,MESO
DIS3L,MESO
DIS3L2,MESO
DKC1,MESO
DKK1,MESO
DLAT,MESO
DLD,MESO
DLEC1,MESO
DLG1,MESO
DLG5,MESO
DLGAP1,MESO
DLGAP5,MESO
DLK1,MESO
DLST,MESO
DMAP1,MESO
DMRTB1,MESO
DMRTC1,MESO
DMRTC1B,MESO
DMRTC2,MESO
DMTN,MESO
DMXL1,MESO
DMXL2,MESO
DNAH7,MESO
DNAJA1,MESO
DNAJA2,MESO
DNAJA3,MESO
DNAJA4,MESO
DNAJB11,MESO
DNAJB12,MESO
DNAJB13,MESO
DNAJB4,MESO
DNAJB6,MESO
DNAJB9,MESO
DNAJC10,MESO
DNAJC11,MESO
DNAJC13,MESO
DNAJC16,MESO
DNAJC17,MESO
DNAJC19,MESO
DNAJC2,MESO
DNAJC24,MESO
DNAJC3,MESO
DNAJC30,MESO
DNAJC4,MESO
DNAJC6,MESO
DNAJC7,MESO
DNAJC8,MESO
DNAJC9,MESO
DNAL4,MESO
DND1,MESO
DNLZ,MESO
DNM1L,MESO
DNM2,MESO
DNM3,MESO
DNMT1,MESO
DNTTIP1,MESO
DNTTIP2,MESO
DOCK2,MESO
DOCK4,MESO
DOCK5,MESO
DOCK6,MESO
DOCK7,MESO
DOHH,MESO
DOK1,MESO
DOLK,MESO
DOLPP1,MESO
DONSON,MESO
DOT1L,MESO
DPAGT1,MESO
DPCD,MESO
DPF2,MESO
DPH1,MESO
DPH2,MESO
DPH3,MESO
DPH5,MESO
DPH6,MESO
DPM1,MESO
DPM2,MESO
DPM3,MESO
DPP4,MESO
DPP9,MESO
DPPA3,MESO
DPY19L1,MESO
DPY19L2,MESO
DPY19L4,MESO
DPY30,MESO
DR1,MESO
DRAM1,MESO
DRAM2,MESO
DRAP1,MESO
DRC1,MESO
DRD5,MESO
DRG1,MESO
DRGX,MESO
DROSHA,MESO
DSCC1,MESO
DSCR4,MESO
DSEL,MESO
DSG2,MESO
DSG4,MESO
DSN1,MESO
DSTN,MESO
DSTYK,MESO
DTL,MESO
DTWD1,MESO
DTYMK,MESO
DUSP1,MESO
DUSP12,MESO
DUSP14,MESO
DUSP22,MESO
DUSP4,MESO
DUSP5,MESO
DUT,MESO
DUXA,MESO
DVL1,MESO
DYDC1,MESO
DYDC2,MESO
DYM,MESO
DYNC1H1,MESO
DYNC1I1,MESO
DYNC1I2,MESO
DYNC1LI1,MESO
DYNC1LI2,MESO
DYNC2H1,MESO
DYNC2LI1,MESO
DYNLL1,MESO
DYNLL2,MESO
DYNLRB1,MESO
DYNLT1,MESO
DYNLT3,MESO
DYRK1A,MESO
DYRK1B,MESO
DZIP3,MESO
E2F1,MESO
E2F3,MESO
E2F4,MESO
E2F6,MESO
E2F7,MESO
E4F1,MESO
EAF1,MESO
EAPP,MESO
EARS2,MESO
EBAG9,MESO
EBF1,MESO
EBF2,MESO
EBI3,MESO
EBLN1,MESO
EBNA1BP2,MESO
EBP,MESO
EBPL,MESO
ECD,MESO
ECH1,MESO
ECHS1,MESO
ECM2,MESO
ECSIT,MESO
ECT2,MESO
ECT2L,MESO
EDARADD,MESO
EDC4,MESO
EDDM3B,MESO
EDEM3,MESO
EDF1,MESO
EDN1,MESO
EED,MESO
EEF1A1,MESO
EEF1B2,MESO
EEF1E1,MESO
EEF1G,MESO
EEF2,MESO
EEFSEC,MESO
EFCAB1,MESO
EFCAB14,MESO
EFCAB3,MESO
EFHC1,MESO
EFHD2,MESO
EFNA3,MESO
EFNA5,MESO
EFNB2,MESO
EFR3A,MESO
EFTUD1,MESO
EFTUD2,MESO
EGF,MESO
EGFR,MESO
EGLN1,MESO
EGR2,MESO
EGR4,MESO
EHMT1,MESO
EHMT2,MESO
EIF1,MESO
EIF1AD,MESO
EIF1AX,MESO
EIF1AY,MESO
EIF2A,MESO
EIF2AK1,MESO
EIF2AK4,MESO
EIF2B1,MESO
EIF2B2,MESO
EIF2B3,MESO
EIF2B4,MESO
EIF2B5,MESO
EIF2S1,MESO
EIF2S2,MESO
EIF2S3,MESO
EIF3A,MESO
EIF3B,MESO
EIF3C,MESO
EIF3CL,MESO
EIF3D,MESO
EIF3E,MESO
EIF3F,MESO
EIF3G,MESO
EIF3H,MESO
EIF3I,MESO
EIF3J,MESO
EIF3K,MESO
EIF3L,MESO
EIF3M,MESO
EIF4A1,MESO
EIF4A2,MESO
EIF4A3,MESO
EIF4B,MESO
EIF4E,MESO
EIF4E2,MESO
EIF4E3,MESO
EIF4EBP2,MESO
EIF4ENIF1,MESO
EIF4G1,MESO
EIF4G2,MESO
EIF4H,MESO
EIF5,MESO
EIF5A,MESO
EIF5AL1,MESO
EIF5B,MESO
EIF6,MESO
ELAC2,MESO
ELAVL1,MESO
ELF1,MESO
ELF2,MESO
ELF3,MESO
ELF4,MESO
ELK1,MESO
ELL,MESO
ELL2,MESO
ELL3,MESO
ELMO1,MESO
ELMO2,MESO
ELMOD1,MESO
ELMOD2,MESO
ELMOD3,MESO
ELMSAN1,MESO
ELOF1,MESO
ELOVL1,MESO
ELOVL4,MESO
ELP2,MESO
ELP3,MESO
ELP4,MESO
ELP5,MESO
ELP6,MESO
ELTD1,MESO
EMB,MESO
EMC1,MESO
EMC2,MESO
EMC3,MESO
EMC4,MESO
EMC6,MESO
EMC7,MESO
EMC8,MESO
EML4,MESO
EML5,MESO
EMP2,MESO
EMR1,MESO
EMX2,MESO
ENAH,MESO
ENDOG,MESO
ENHO,MESO
ENO1,MESO
ENO2,MESO
ENOX2,MESO
ENPP1,MESO
ENPP2,MESO
ENPP3,MESO
ENSA,MESO
ENTPD4,MESO
ENTPD5,MESO
ENTPD7,MESO
ENY2,MESO
EOGT,MESO
EP300,MESO
EP400,MESO
EPB41L5,MESO
EPC1,MESO
EPC2,MESO
EPCAM,MESO
EPG5,MESO
EPHA10,MESO
EPHA3,MESO
EPM2A,MESO
EPM2AIP1,MESO
EPN1,MESO
EPPIN-WFDC6,MESO
EPRS,MESO
EPS15L1,MESO
EPT1,MESO
ERAL1,MESO
ERAP1,MESO
ERBB2,MESO
ERBB3,MESO
ERBB4,MESO
ERC1,MESO
ERCC1,MESO
ERCC2,MESO
ERCC3,MESO
ERCC4,MESO
ERCC6-PGBD3,MESO
ERCC6L,MESO
ERCC6L2,MESO
ERF,MESO
ERGIC2,MESO
ERH,MESO
ERI1,MESO
ERI2,MESO
ERLEC1,MESO
ERLIN1,MESO
ERLIN2,MESO
ERN1,MESO
ERP44,MESO
ERVV-1,MESO
ERVV-2,MESO
ERVW-1,MESO
ESCO1,MESO
ESCO2,MESO
ESF1,MESO
ESPL1,MESO
ESPN,MESO
ESR1,MESO
ESR2,MESO
ESRRA,MESO
ESYT2,MESO
ETF1,MESO
ETFB,MESO
ETNK1,MESO
ETNPPL,MESO
ETS1,MESO
ETS2,MESO
ETV6,MESO
EVI2A,MESO
EVI5,MESO
EWSR1,MESO
EXOC1,MESO
EXOC2,MESO
EXOC3,MESO
EXOC4,MESO
EXOC5,MESO
EXOC6,MESO
EXOC7,MESO
EXOC8,MESO
EXOG,MESO
EXOSC1,MESO
EXOSC10,MESO
EXOSC2,MESO
EXOSC3,MESO
EXOSC4,MESO
EXOSC5,MESO
EXOSC6,MESO
EXOSC7,MESO
EXOSC8,MESO
EXOSC9,MESO
EXT1,MESO
EXT2,MESO
EXTL2,MESO
EXTL3,MESO
EYA3,MESO
EYS,MESO
EZH2,MESO
EZR,MESO
F11R,MESO
F2R,MESO
F8A3,MESO
F9,MESO
FAAH,MESO
FABP2,MESO
FABP5,MESO
FADD,MESO
FAF2,MESO
FAHD2A,MESO
FAHD2B,MESO
FAIM,MESO
FAM102B,MESO
FAM103A1,MESO
FAM104A,MESO
FAM104B,MESO
FAM111A,MESO
FAM115A,MESO
FAM118B,MESO
FAM120A,MESO
FAM122A,MESO
FAM126B,MESO
FAM127A,MESO
FAM127B,MESO
FAM127C,MESO
FAM129A,MESO
FAM129B,MESO
FAM133A,MESO
FAM133B,MESO
FAM134B,MESO
FAM136A,MESO
FAM13A,MESO
FAM13B,MESO
FAM149B1,MESO
FAM150A,MESO
FAM153B,MESO
FAM156A,MESO
FAM161A,MESO
FAM162A,MESO
FAM166A,MESO
FAM167A,MESO
FAM167B,MESO
FAM168A,MESO
FAM171B,MESO
FAM172A,MESO
FAM173A,MESO
FAM175A,MESO
FAM175B,MESO
FAM177A1,MESO
FAM177B,MESO
FAM178A,MESO
FAM181A,MESO
FAM184A,MESO
FAM185A,MESO
FAM189A2,MESO
FAM194A,MESO
FAM200A,MESO
FAM200B,MESO
FAM204A,MESO
FAM207A,MESO
FAM208B,MESO
FAM210A,MESO
FAM211B,MESO
FAM213A,MESO
FAM214A,MESO
FAM214B,MESO
FAM216A,MESO
FAM216B,MESO
FAM21B,MESO
FAM220A,MESO
FAM222B,MESO
FAM228A,MESO
FAM25A,MESO
FAM32A,MESO
FAM35A,MESO
FAM3B,MESO
FAM3C,MESO
FAM45A,MESO
FAM46D,MESO
FAM47B,MESO
FAM49A,MESO
FAM49B,MESO
FAM50A,MESO
FAM50B,MESO
FAM60A,MESO
FAM63A,MESO
FAM63B,MESO
FAM69A,MESO
FAM71F2,MESO
FAM72D,MESO
FAM76A,MESO
FAM76B,MESO
FAM83D,MESO
FAM83E,MESO
FAM84B,MESO
FAM86A,MESO
FAM86B1,MESO
FAM86C1,MESO
FAM91A1,MESO
FAM96A,MESO
FAM96B,MESO
FAM98B,MESO
FAM9A,MESO
FAM9B,MESO
FAN1,MESO
FANCA,MESO
FANCB,MESO
FANCC,MESO
FANCD2,MESO
FANCE,MESO
FANCF,MESO
FANCG,MESO
FANCI,MESO
FANCL,MESO
FANCM,MESO
FAP,MESO
FAR2,MESO
FARS2,MESO
FARSA,MESO
FARSB,MESO
FAS,MESO
FASN,MESO
FASTKD2,MESO
FASTKD5,MESO
FAU,MESO
FBL,MESO
FBLIM1,MESO
FBP2,MESO
FBXL12,MESO
FBXL16,MESO
FBXL19,MESO
FBXL3,MESO
FBXL5,MESO
FBXL6,MESO
FBXO11,MESO
FBXO17,MESO
FBXO24,MESO
FBXO25,MESO
FBXO42,MESO
FBXO43,MESO
FBXO47,MESO
FBXO5,MESO
FBXO7,MESO
FBXO9,MESO
FBXW11,MESO
FBXW7,MESO
FCER1A,MESO
FCF1,MESO
FCGBP,MESO
FCGR1A,MESO
FCGR1B,MESO
FCGR2B,MESO
FCGR3A,MESO
FCHO1,MESO
FCHO2,MESO
FCRL4,MESO
FCRL6,MESO
FDFT1,MESO
FDPS,MESO
FDX1,MESO
FDX1L,MESO
FDXACB1,MESO
FDXR,MESO
FECH,MESO
FEM1B,MESO
FEN1,MESO
FER,MESO
FERMT1,MESO
FERMT2,MESO
FERMT3,MESO
FES,MESO
FEZ1,MESO
FEZF1,MESO
FFAR2,MESO
FFAR4,MESO
FGF1,MESO
FGF3,MESO
FGF4,MESO
FGFBP3,MESO
FGFR1,MESO
FGFR1OP2,MESO
FGFR2,MESO
FGFR3,MESO
FGFR4,MESO
FGG,MESO
FH,MESO
FHL5,MESO
FIBCD1,MESO
FIBIN,MESO
FICD,MESO
FIG4,MESO
FIP1L1,MESO
FIS1,MESO
FITM2,MESO
FJX1,MESO
FKBP14,MESO
FKBP1A,MESO
FKBP3,MESO
FKBP5,MESO
FKBP8,MESO
FKBP9,MESO
FKBPL,MESO
FKTN,MESO
FLCN,MESO
FLI1,MESO
FLII,MESO
FLNB,MESO
FLNC,MESO
FLOT1,MESO
FLOT2,MESO
FLRT1,MESO
FLRT3,MESO
FLT4,MESO
FLVCR1,MESO
FLVCR2,MESO
FMO1,MESO
FMO3,MESO
FMR1,MESO
FN3K,MESO
FNBP1,MESO
FNBP4,MESO
FNDC3B,MESO
FNDC7,MESO
FNDC8,MESO
FNIP1,MESO
FNTA,MESO
FNTB,MESO
FOCAD,MESO
FOLH1,MESO
FOSL1,MESO
FOSL2,MESO
FOXA1,MESO
FOXA2,MESO
FOXA3,MESO
FOXC1,MESO
FOXC2,MESO
FOXE1,MESO
FOXF1,MESO
FOXJ1,MESO
FOXK1,MESO
FOXL1,MESO
FOXL2,MESO
FOXM1,MESO
FOXN2,MESO
FOXN3,MESO
FOXO1,MESO
FOXO3,MESO
FOXP2,MESO
FOXRED1,MESO
FOXS1,MESO
FPGS,MESO
FPGT,MESO
FPR2,MESO
FRA10AC1,MESO
FRG1,MESO
FRG2B,MESO
FRG2C,MESO
FRMD1,MESO
FRMD7,MESO
FRS2,MESO
FRYL,MESO
FSBP,MESO
FSD1L,MESO
FSTL5,MESO
FTCD,MESO
FTH1,MESO
FTHL17,MESO
FTSJ2,MESO
FTSJ3,MESO
FUBP1,MESO
FUNDC1,MESO
FUNDC2,MESO
FURIN,MESO
FUT11,MESO
FUT4,MESO
FUT8,MESO
FXN,MESO
FXR1,MESO
FXYD6,MESO
FZD5,MESO
FZD8,MESO
FZR1,MESO
G2E3,MESO
G3BP1,MESO
G3BP2,MESO
G6PC2,MESO
G6PD,MESO
GAA,MESO
GAB1,MESO
GAB2,MESO
GAB4,MESO
GABARAP,MESO
GABPA,MESO
GABPB1,MESO
GADD45A,MESO
GADD45GIP1,MESO
GAGE12H,MESO
GAK,MESO
GAL3ST1,MESO
GALK2,MESO
GALNT13,MESO
GALNTL5,MESO
GAN,MESO
GANAB,MESO
GAPDH,MESO
GAPVD1,MESO
GAR1,MESO
GAREM,MESO
GARS,MESO
GART,MESO
GAS2,MESO
GAST,MESO
GATA2,MESO
GATA3,MESO
GATA6,MESO
GATAD1,MESO
GATAD2A,MESO
GATC,MESO
GATS,MESO
GATSL3,MESO
GBAS,MESO
GBE1,MESO
GBF1,MESO
GBP1,MESO
GBP5,MESO
GBX2,MESO
GCA,MESO
GCAT,MESO
GCLC,MESO
GCLM,MESO
GCN1L1,MESO
GCNT3,MESO
GCNT4,MESO
GCOM1,MESO
GCSAM,MESO
GCSAML,MESO
GCSH,MESO
GDA,MESO
GDE1,MESO
GDF1,MESO
GDI2,MESO
GDPD2,MESO
GEMIN2,MESO
GEMIN4,MESO
GEMIN5,MESO
GEMIN6,MESO
GEMIN7,MESO
GEMIN8,MESO
GEN1,MESO
GET4,MESO
GFER,MESO
GFM1,MESO
GFM2,MESO
GFPT1,MESO
GGN,MESO
GGNBP2,MESO
GGPS1,MESO
GGT1,MESO
GGTLC1,MESO
GGTLC2,MESO
GHITM,MESO
GHSR,MESO
GID8,MESO
GIGYF2,MESO
GIN1,MESO
GINM1,MESO
GINS1,MESO
GINS2,MESO
GINS3,MESO
GINS4,MESO
GIPC2,MESO
GIPC3,MESO
GIT1,MESO
GJA1,MESO
GJB2,MESO
GJB3,MESO
GJC1,MESO
GJD3,MESO
GK,MESO
GKAP1,MESO
GKN2,MESO
GLB1L,MESO
GLCE,MESO
GLDC,MESO
GLE1,MESO
GLI1,MESO
GLIPR1,MESO
GLIPR1L2,MESO
GLMN,MESO
GLO1,MESO
GLOD4,MESO
GLOD5,MESO
GLRA1,MESO
GLRA2,MESO
GLRX,MESO
GLRX2,MESO
GLRX3,MESO
GLRX5,MESO
GLS,MESO
GLT1D1,MESO
GLT8D1,MESO
GLTP,MESO
GLTSCR2,MESO
GLUD2,MESO
GLUL,MESO
GLYATL1,MESO
GLYR1,MESO
GM2A,MESO
GMDS,MESO
GML,MESO
GMNN,MESO
GMPPB,MESO
GMPR,MESO
GMPS,MESO
GNA11,MESO
GNA12,MESO
GNA13,MESO
GNA14,MESO
GNAI1,MESO
GNAI2,MESO
GNAO1,MESO
GNAQ,MESO
GNAT3,MESO
GNB1,MESO
GNB1L,MESO
GNB2,MESO
GNB2L1,MESO
GNB4,MESO
GNE,MESO
GNG10,MESO
GNG11,MESO
GNG2,MESO
GNG4,MESO
GNG5,MESO
GNGT1,MESO
GNL1,MESO
GNL2,MESO
GNL3,MESO
GNL3L,MESO
GNPAT,MESO
GNPNAT1,MESO
GOLGA1,MESO
GOLGA6A,MESO
GOLGA6B,MESO
GOLGA6C,MESO
GOLGA7,MESO
GOLGA8M,MESO
GOLPH3L,MESO
GOLT1B,MESO
GON4L,MESO
GOSR1,MESO
GOSR2,MESO
GOT1,MESO
GOT2,MESO
GPAA1,MESO
GPALPP1,MESO
GPAT2,MESO
GPATCH1,MESO
GPATCH2,MESO
GPATCH8,MESO
GPBP1L1,MESO
GPC1,MESO
GPC2,MESO
GPCPD1,MESO
GPI,MESO
GPKOW,MESO
GPN1,MESO
GPN2,MESO
GPN3,MESO
GPNMB,MESO
GPR1,MESO
GPR107,MESO
GPR112,MESO
GPR137,MESO
GPR155,MESO
GPR160,MESO
GPR161,MESO
GPR171,MESO
GPR176,MESO
GPR20,MESO
GPR22,MESO
GPR26,MESO
GPR34,MESO
GPR37L1,MESO
GPR61,MESO
GPR89A,MESO
GPR89B,MESO
GPRC5A,MESO
GPRIN2,MESO
GPS1,MESO
GPS2,MESO
GPSM3,MESO
GPX4,MESO
GPX8,MESO
GRAMD1C,MESO
GRAMD3,MESO
GRAP,MESO
GRAPL,MESO
GRB14,MESO
GRB2,MESO
GRB7,MESO
GRHL2,MESO
GRIK1,MESO
GRIK5,MESO
GRIN2B,MESO
GRK4,MESO
GRM2,MESO
GRN,MESO
GRPEL1,MESO
GRPEL2,MESO
GRSF1,MESO
GRWD1,MESO
GRXCR2,MESO
GSAP,MESO
GSDMA,MESO
GSDMB,MESO
GSDMC,MESO
GSE1,MESO
GSG2,MESO
GSK3B,MESO
GSPT1,MESO
GSR,MESO
GSS,MESO
GSTA1,MESO
GSTA2,MESO
GSTA5,MESO
GSTCD,MESO
GSTM1,MESO
GSTM2,MESO
GSTO2,MESO
GSTT2,MESO
GSTT2B,MESO
GTF2A1,MESO
GTF2A1L,MESO
GTF2A2,MESO
GTF2B,MESO
GTF2E1,MESO
GTF2E2,MESO
GTF2F1,MESO
GTF2F2,MESO
GTF2H1,MESO
GTF2H2,MESO
GTF2H2C,MESO
GTF2H3,MESO
GTF2H4,MESO
GTF2H5,MESO
GTF2I,MESO
GTF2IRD2,MESO
GTF2IRD2B,MESO
GTF3A,MESO
GTF3C1,MESO
GTF3C2,MESO
GTF3C3,MESO
GTF3C4,MESO
GTF3C5,MESO
GTPBP1,MESO
GTPBP10,MESO
GTPBP3,MESO
GTPBP4,MESO
GTPBP8,MESO
GTSCR1,MESO
GTSE1,MESO
GUCA1C,MESO
GUK1,MESO
GULP1,MESO
GUSB,MESO
GYG1,MESO
GYPB,MESO
GYPE,MESO
GZF1,MESO
GZMA,MESO
GZMH,MESO
H1FOO,MESO
H1FX,MESO
H2AFB1,MESO
H2AFB2,MESO
H2AFB3,MESO
H2AFJ,MESO
H2AFX,MESO
H2AFZ,MESO
H3F3B,MESO
H3F3C,MESO
HADHA,MESO
HAGH,MESO
HAL,MESO
HAND2,MESO
HAP1,MESO
HAPLN2,MESO
HARS,MESO
HARS2,MESO
HAS1,MESO
HAS2,MESO
HAT1,MESO
HAUS1,MESO
HAUS2,MESO
HAUS3,MESO
HAUS4,MESO
HAUS5,MESO
HAUS6,MESO
HAUS7,MESO
HAUS8,MESO
HAX1,MESO
HBE1,MESO
HBG1,MESO
HBP1,MESO
HBS1L,MESO
HCAR1,MESO
HCCS,MESO
HCFC1,MESO
HCFC1R1,MESO
HCN2,MESO
HCRTR2,MESO
HDAC1,MESO
HDAC2,MESO
HDAC3,MESO
HDAC4,MESO
HDDC2,MESO
HDGFRP2,MESO
HDX,MESO
HEATR1,MESO
HEATR2,MESO
HEATR3,MESO
HEATR5B,MESO
HEATR6,MESO
HELLS,MESO
HELZ2,MESO
HEMGN,MESO
HENMT1,MESO
HEPN1,MESO
HERC1,MESO
HERPUD1,MESO
HERPUD2,MESO
HES1,MESO
HESX1,MESO
HEXB,MESO
HEXIM1,MESO
HGF,MESO
HGS,MESO
HHIPL1,MESO
HIBCH,MESO
HIC2,MESO
HID1,MESO
HIF1AN,MESO
HIGD1A,MESO
HIGD1C,MESO
HIGD2A,MESO
HINFP,MESO
HIPK1,MESO
HIPK3,MESO
HIRA,MESO
HIST1H1C,MESO
HIST1H2AA,MESO
HIST1H2AB,MESO
HIST1H2AC,MESO
HIST1H2AD,MESO
HIST1H2AG,MESO
HIST1H2AH,MESO
HIST1H2AJ,MESO
HIST1H2AK,MESO
HIST1H2AL,MESO
HIST1H2AM,MESO
HIST1H2BB,MESO
HIST1H2BC,MESO
HIST1H2BD,MESO
HIST1H2BE,MESO
HIST1H2BF,MESO
HIST1H2BG,MESO
HIST1H2BH,MESO
HIST1H2BI,MESO
HIST1H2BJ,MESO
HIST1H2BK,MESO
HIST1H2BL,MESO
HIST1H2BM,MESO
HIST1H2BN,MESO
HIST1H2BO,MESO
HIST1H3A,MESO
HIST1H3B,MESO
HIST1H3C,MESO
HIST1H3D,MESO
HIST1H3E,MESO
HIST1H3G,MESO
HIST1H3I,MESO
HIST1H3J,MESO
HIST1H4A,MESO
HIST1H4B,MESO
HIST1H4C,MESO
HIST1H4D,MESO
HIST1H4F,MESO
HIST1H4G,MESO
HIST1H4H,MESO
HIST1H4I,MESO
HIST1H4J,MESO
HIST1H4K,MESO
HIST2H2AA3,MESO
HIST2H2AA4,MESO
HIST2H2AC,MESO
HIST2H2BE,MESO
HIST2H2BF,MESO
HIST2H3A,MESO
HIST2H3C,MESO
HIST2H3D,MESO
HIST2H4A,MESO
HIST3H2A,MESO
HIST3H2BB,MESO
HIST3H3,MESO
HIST4H4,MESO
HJURP,MESO
HK1,MESO
HK2,MESO
HKR1,MESO
HLA-A,MESO
HLA-B,MESO
HLA-DQB2,MESO
HLA-DRB1,MESO
HLTF,MESO
HMCN1,MESO
HMG20A,MESO
HMGA1,MESO
HMGA2,MESO
HMGB1,MESO
HMGB2,MESO
HMGB3,MESO
HMGCLL1,MESO
HMGCR,MESO
HMGCS1,MESO
HMGN1,MESO
HMGN2,MESO
HMGN4,MESO
HMGN5,MESO
HMGXB3,MESO
HMHB1,MESO
HMMR,MESO
HMSD,MESO
HN1,MESO
HNF1A,MESO
HNF1B,MESO
HNF4A,MESO
HNF4G,MESO
HNRNPA1,MESO
HNRNPA1L2,MESO
HNRNPA2B1,MESO
HNRNPA3,MESO
HNRNPC,MESO
HNRNPCL1,MESO
HNRNPD,MESO
HNRNPF,MESO
HNRNPH1,MESO
HNRNPH3,MESO
HNRNPK,MESO
HNRNPL,MESO
HNRNPM,MESO
HNRNPR,MESO
HNRNPU,MESO
HOMER2,MESO
HOOK1,MESO
HOPX,MESO
HORMAD1,MESO
HORMAD2,MESO
HOXA6,MESO
HOXA9,MESO
HOXB13,MESO
HOXB9,MESO
HOXC13,MESO
HOXC4,MESO
HOXC5,MESO
HOXC9,MESO
HOXD11,MESO
HOXD12,MESO
HOXD13,MESO
HP,MESO
HPCAL1,MESO
HPD,MESO
HPGDS,MESO
HPR,MESO
HPRT1,MESO
HPS1,MESO
HPS5,MESO
HRAS,MESO
HRH4,MESO
HRK,MESO
HRSP12,MESO
HS1BP3,MESO
HS2ST1,MESO
HS6ST1,MESO
HS6ST2,MESO
HSBP1,MESO
HSBP1L1,MESO
HSCB,MESO
HSD17B10,MESO
HSD17B11,MESO
HSD17B12,MESO
HSD17B4,MESO
HSD17B7,MESO
HSD3B1,MESO
HSDL2,MESO
HSF1,MESO
HSF2,MESO
HSF2BP,MESO
HSF5,MESO
HSFY1,MESO
HSP90AA1,MESO
HSP90AB1,MESO
HSP90B1,MESO
HSPA13,MESO
HSPA14,MESO
HSPA5,MESO
HSPA6,MESO
HSPA8,MESO
HSPA9,MESO
HSPB7,MESO
HSPD1,MESO
HSPE1,MESO
HSPE1-MOB4,MESO
HSPH1,MESO
HTATIP2,MESO
HTATSF1,MESO
HTR1A,MESO
HTR1E,MESO
HTR3C,MESO
HTRA2,MESO
HTT,MESO
HUS1,MESO
HUWE1,MESO
HYAL4,MESO
HYDIN,MESO
HYLS1,MESO
HYOU1,MESO
HYPK,MESO
IARS,MESO
IARS2,MESO
IBA57,MESO
ICA1L,MESO
ICAM5,MESO
ICMT,MESO
ICOS,MESO
ICT1,MESO
ID1,MESO
ID2,MESO
ID3,MESO
IDE,MESO
IDH1,MESO
IDH3A,MESO
IDI1,MESO
IER3IP1,MESO
IER5,MESO
IER5L,MESO
IFI44,MESO
IFI44L,MESO
IFIT2,MESO
IFIT5,MESO
IFITM2,MESO
IFITM3,MESO
IFLTD1,MESO
IFNA1,MESO
IFNA13,MESO
IFNA16,MESO
IFNA2,MESO
IFNA21,MESO
IFNA4,MESO
IFNA5,MESO
IFNAR1,MESO
IFNAR2,MESO
IFNE,MESO
IFNGR1,MESO
IFNK,MESO
IFNL2,MESO
IFNL3,MESO
IFNW1,MESO
IFRD1,MESO
IFT46,MESO
IFT52,MESO
IFT57,MESO
IFT81,MESO
IFT88,MESO
IGBP1,MESO
IGDCC4,MESO
IGF1R,MESO
IGF2BP1,MESO
IGF2BP2,MESO
IGF2BP3,MESO
IGFBP1,MESO
IGFBP7,MESO
IGFL3,MESO
IGFLR1,MESO
IGHMBP2,MESO
IGLL1,MESO
IGLON5,MESO
IGSF3,MESO
IK,MESO
IKBKAP,MESO
IKBKB,MESO
IKBKG,MESO
IKZF1,MESO
IL10RA,MESO
IL12A,MESO
IL17D,MESO
IL17RA,MESO
IL18,MESO
IL18RAP,MESO
IL19,MESO
IL1R1,MESO
IL1RAP,MESO
IL1RAPL2,MESO
IL1RL1,MESO
IL1RL2,MESO
IL21R,MESO
IL23A,MESO
IL2RA,MESO
IL3,MESO
IL31RA,MESO
IL32,MESO
IL36B,MESO
IL36G,MESO
IL3RA,MESO
IL4I1,MESO
IL5,MESO
IL6R,MESO
IL6ST,MESO
IL7,MESO
IL8,MESO
IL9R,MESO
ILDR1,MESO
ILDR2,MESO
ILF2,MESO
ILF3,MESO
ILK,MESO
IMMP1L,MESO
IMMP2L,MESO
IMMT,MESO
IMP3,MESO
IMP4,MESO
IMPA1,MESO
IMPAD1,MESO
IMPDH1,MESO
IMPDH2,MESO
INCENP,MESO
ING2,MESO
ING3,MESO
INHBE,MESO
INIP,MESO
INO80,MESO
INO80B,MESO
INO80C,MESO
INO80E,MESO
INPP5B,MESO
INPP5F,MESO
INPP5K,MESO
INS,MESO
INSIG1,MESO
INSL4,MESO
INSL5,MESO
INTS1,MESO
INTS10,MESO
INTS12,MESO
INTS2,MESO
INTS3,MESO
INTS4,MESO
INTS5,MESO
INTS6,MESO
INTS7,MESO
INTS8,MESO
INTS9,MESO
IPCEF1,MESO
IPMK,MESO
IPO11,MESO
IPO13,MESO
IPO4,MESO
IPO5,MESO
IPO7,MESO
IPO9,MESO
IPP,MESO
IPPK,MESO
IQCB1,MESO
IQCC,MESO
IQCJ-SCHIP1,MESO
IQGAP1,MESO
IQUB,MESO
IRAK4,MESO
IREB2,MESO
IRF2,MESO
IRF2BP1,MESO
IRF2BP2,MESO
IRF4,MESO
IRF8,MESO
IRS1,MESO
IRS2,MESO
IRS4,MESO
IRX1,MESO
IRX2,MESO
IRX6,MESO
ISCA1,MESO
ISCA2,MESO
ISCU,MESO
ISG15,MESO
ISG20L2,MESO
ISL1,MESO
ISLR2,MESO
ISM1,MESO
IST1,MESO
ISY1,MESO
ISY1-RAB43,MESO
ISYNA1,MESO
ITCH,MESO
ITGA1,MESO
ITGA11,MESO
ITGA2B,MESO
ITGA3,MESO
ITGAV,MESO
ITGAX,MESO
ITGB1,MESO
ITGB3,MESO
ITGB3BP,MESO
ITGB5,MESO
ITGB7,MESO
ITGB8,MESO
ITIH1,MESO
ITIH2,MESO
ITIH3,MESO
ITM2B,MESO
ITPA,MESO
ITPK1,MESO
ITPR2,MESO
ITSN2,MESO
IVNS1ABP,MESO
IWS1,MESO
IZUMO2,MESO
JADE3,MESO
JAG1,MESO
JAK1,MESO
JAM2,MESO
JDP2,MESO
JKAMP,MESO
JMJD6,MESO
JMJD7-PLA2G4B,MESO
JMJD8,MESO
JPH1,MESO
JTB,MESO
JUN,MESO
JUNB,MESO
JUND,MESO
JUP,MESO
KANSL1,MESO
KANSL2,MESO
KANSL3,MESO
KARS,MESO
KAT2A,MESO
KAT5,MESO
KAT6A,MESO
KAT6B,MESO
KAT7,MESO
KAT8,MESO
KATNB1,MESO
KBTBD2,MESO
KBTBD3,MESO
KBTBD4,MESO
KBTBD8,MESO
KCMF1,MESO
KCNA2,MESO
KCNA3,MESO
KCNA5,MESO
KCNA7,MESO
KCNAB1,MESO
KCNC1,MESO
KCNC3,MESO
KCND3,MESO
KCNF1,MESO
KCNH2,MESO
KCNH5,MESO
KCNH7,MESO
KCNIP3,MESO
KCNJ12,MESO
KCNJ14,MESO
KCNJ3,MESO
KCNJ6,MESO
KCNJ9,MESO
KCNK9,MESO
KCNMB4,MESO
KCNQ5,MESO
KCNRG,MESO
KCNS3,MESO
KCNT2,MESO
KCNU1,MESO
KCTD10,MESO
KCTD5,MESO
KCTD6,MESO
KCTD9,MESO
KDELC1,MESO
KDELR1,MESO
KDELR2,MESO
KDELR3,MESO
KDM1A,MESO
KDM2A,MESO
KDM3B,MESO
KDM5A,MESO
KDM5B,MESO
KDM5C,MESO
KDM6A,MESO
KDM8,MESO
KDSR,MESO
KEAP1,MESO
KERA,MESO
KHDRBS1,MESO
KHDRBS3,MESO
KHSRP,MESO
KIAA0020,MESO
KIAA0100,MESO
KIAA0141,MESO
KIAA0196,MESO
KIAA0232,MESO
KIAA0391,MESO
KIAA0753,MESO
KIAA0825,MESO
KIAA0907,MESO
KIAA0947,MESO
KIAA1009,MESO
KIAA1107,MESO
KIAA1109,MESO
KIAA1143,MESO
KIAA1217,MESO
KIAA1279,MESO
KIAA1324,MESO
KIAA1377,MESO
KIAA1429,MESO
KIAA1430,MESO
KIAA1432,MESO
KIAA1522,MESO
KIAA1524,MESO
KIAA1614,MESO
KIAA1731,MESO
KIAA1841,MESO
KIAA2013,MESO
KIDINS220,MESO
KIF11,MESO
KIF13B,MESO
KIF14,MESO
KIF15,MESO
KIF18A,MESO
KIF18B,MESO
KIF1A,MESO
KIF1B,MESO
KIF1C,MESO
KIF20A,MESO
KIF20B,MESO
KIF21A,MESO
KIF22,MESO
KIF23,MESO
KIF25,MESO
KIF2A,MESO
KIF2B,MESO
KIF2C,MESO
KIF3A,MESO
KIF4A,MESO
KIF5A,MESO
KIF7,MESO
KIFC1,MESO
KIN,MESO
KIR2DL3,MESO
KIR3DL1,MESO
KISS1,MESO
KLB,MESO
KLC2,MESO
KLF10,MESO
KLF12,MESO
KLF16,MESO
KLF17,MESO
KLF3,MESO
KLF4,MESO
KLF5,MESO
KLF6,MESO
KLHDC1,MESO
KLHDC10,MESO
KLHDC3,MESO
KLHDC8A,MESO
KLHL10,MESO
KLHL11,MESO
KLHL12,MESO
KLHL18,MESO
KLHL22,MESO
KLHL38,MESO
KLHL41,MESO
KLHL42,MESO
KLHL5,MESO
KLHL7,MESO
KLHL9,MESO
KLRC2,MESO
KLRC4,MESO
KLRF2,MESO
KMO,MESO
KMT2A,MESO
KMT2B,MESO
KMT2C,MESO
KMT2D,MESO
KMT2E,MESO
KNSTRN,MESO
KNTC1,MESO
KPNA2,MESO
KPNA3,MESO
KPNA4,MESO
KPNB1,MESO
KPTN,MESO
KRAS,MESO
KRBOX4,MESO
KREMEN1,MESO
KRR1,MESO
KRT1,MESO
KRT12,MESO
KRT14,MESO
KRT18,MESO
KRT3,MESO
KRT31,MESO
KRT33A,MESO
KRT33B,MESO
KRT4,MESO
KRT6B,MESO
KRT6C,MESO
KRT72,MESO
KRT76,MESO
KRT8,MESO
KRT81,MESO
KRT83,MESO
KRT86,MESO
KRTAP1-3,MESO
KRTAP10-10,MESO
KRTAP10-12,MESO
KRTAP10-2,MESO
KRTAP10-3,MESO
KRTAP10-4,MESO
KRTAP10-6,MESO
KRTAP10-8,MESO
KRTAP10-9,MESO
KRTAP12-4,MESO
KRTAP13-2,MESO
KRTAP13-3,MESO
KRTAP17-1,MESO
KRTAP19-3,MESO
KRTAP19-6,MESO
KRTAP19-7,MESO
KRTAP20-3,MESO
KRTAP21-1,MESO
KRTAP21-2,MESO
KRTAP21-3,MESO
KRTAP22-2,MESO
KRTAP23-1,MESO
KRTAP25-1,MESO
KRTAP4-11,MESO
KRTAP4-12,MESO
KRTAP4-2,MESO
KRTAP4-4,MESO
KRTAP4-5,MESO
KRTAP4-6,MESO
KRTAP4-7,MESO
KRTAP4-8,MESO
KRTAP4-9,MESO
KRTAP5-1,MESO
KRTAP5-10,MESO
KRTAP5-11,MESO
KRTAP5-3,MESO
KRTAP5-5,MESO
KRTAP5-6,MESO
KRTAP5-7,MESO
KRTAP5-8,MESO
KRTAP9-1,MESO
KRTAP9-2,MESO
KRTAP9-3,MESO
KRTAP9-4,MESO
KRTAP9-6,MESO
KRTAP9-7,MESO
KRTAP9-8,MESO
KRTCAP2,MESO
KSR1,MESO
KTI12,MESO
KXD1,MESO
KYNU,MESO
L1TD1,MESO
L3MBTL1,MESO
L3MBTL3,MESO
LACC1,MESO
LACE1,MESO
LACTB,MESO
LACTB2,MESO
LAGE3,MESO
LAIR1,MESO
LAMA3,MESO
LAMA5,MESO
LAMB4,MESO
LAMTOR1,MESO
LAMTOR2,MESO
LAMTOR3,MESO
LAMTOR4,MESO
LAMTOR5,MESO
LANCL2,MESO
LANCL3,MESO
LARP1,MESO
LARP1B,MESO
LARP4,MESO
LARP6,MESO
LARP7,MESO
LARS,MESO
LARS2,MESO
LAS1L,MESO
LASP1,MESO
LAYN,MESO
LCA5L,MESO
LCE1A,MESO
LCE1B,MESO
LCE1C,MESO
LCE1E,MESO
LCE1F,MESO
LCE2A,MESO
LCE2B,MESO
LCE2C,MESO
LCE2D,MESO
LCE3A,MESO
LCE3C,MESO
LCE3D,MESO
LCE5A,MESO
LCE6A,MESO
LCMT1,MESO
LCN1,MESO
LCN15,MESO
LCN2,MESO
LCN8,MESO
LCN9,MESO
LCOR,MESO
LDB1,MESO
LDHA,MESO
LDHAL6B,MESO
LDHB,MESO
LDLR,MESO
LDLRAP1,MESO
LEF1,MESO
LEKR1,MESO
LELP1,MESO
LEMD2,MESO
LEMD3,MESO
LENEP,MESO
LENG1,MESO
LENG8,MESO
LEO1,MESO
LEPROTL1,MESO
LETM1,MESO
LETM2,MESO
LETMD1,MESO
LGALS7B,MESO
LGALS9,MESO
LGALS9C,MESO
LGI1,MESO
LGR4,MESO
LGSN,MESO
LHFPL1,MESO
LHFPL4,MESO
LHX4,MESO
LHX5,MESO
LIAS,MESO
LIFR,MESO
LIG1,MESO
LIG3,MESO
LIG4,MESO
LILRA1,MESO
LILRA4,MESO
LILRA6,MESO
LIMD2,MESO
LIMS1,MESO
LIMS3,MESO
LIMS3L,MESO
LIN28A,MESO
LIN28B,MESO
LIN37,MESO
LIN52,MESO
LIN54,MESO
LIN7C,MESO
LIN9,MESO
LIPA,MESO
LIPM,MESO
LIPT1,MESO
LIPT2,MESO
LLGL2,MESO
LLPH,MESO
LMAN2L,MESO
LMBR1L,MESO
LMLN,MESO
LMNA,MESO
LMNB1,MESO
LMO2,MESO
LMO4,MESO
LMOD1,MESO
LMOD3,MESO
LMX1B,MESO
LOC101059918,MESO
LOC152586,MESO
LOC729020,MESO
LOC729574,MESO
LOC81691,MESO
LOH12CR1,MESO
LONP1,MESO
LONRF2,MESO
LOX,MESO
LPA,MESO
LPAR1,MESO
LPAR6,MESO
LPCAT3,MESO
LPGAT1,MESO
LPHN2,MESO
LPIN1,MESO
LRCH2,MESO
LRFN1,MESO
LRFN3,MESO
LRIF1,MESO
LRIG1,MESO
LRIG3,MESO
LRMP,MESO
LRP12,MESO
LRP1B,MESO
LRP2,MESO
LRP4,MESO
LRP5,MESO
LRP6,MESO
LRP8,MESO
LRPAP1,MESO
LRPPRC,MESO
LRR1,MESO
LRRC1,MESO
LRRC17,MESO
LRRC28,MESO
LRRC37A3,MESO
LRRC37B,MESO
LRRC39,MESO
LRRC49,MESO
LRRC4C,MESO
LRRC52,MESO
LRRC57,MESO
LRRC63,MESO
LRRC71,MESO
LRRC72,MESO
LRRC8C,MESO
LRRFIP1,MESO
LRRIQ1,MESO
LRRIQ4,MESO
LRRK2,MESO
LRTM1,MESO
LRTM2,MESO
LSG1,MESO
LSM1,MESO
LSM10,MESO
LSM11,MESO
LSM12,MESO
LSM14A,MESO
LSM2,MESO
LSM3,MESO
LSM4,MESO
LSM5,MESO
LSM6,MESO
LSM7,MESO
LSMD1,MESO
LSMEM1,MESO
LSS,MESO
LST1,MESO
LTA4H,MESO
LTB4R,MESO
LTBP3,MESO
LTF,MESO
LTN1,MESO
LTV1,MESO
LUC7L2,MESO
LUC7L3,MESO
LUM,MESO
LUZP2,MESO
LUZP6,MESO
LY75-CD302,MESO
LY9,MESO
LY96,MESO
LYL1,MESO
LYPD2,MESO
LYPD5,MESO
LYPD6,MESO
LYPD6B,MESO
LYPLA1,MESO
LYPLAL1,MESO
LYRM2,MESO
LYRM4,MESO
LYRM5,MESO
LYRM7,MESO
LYSMD1,MESO
LYZL1,MESO
LYZL2,MESO
LZIC,MESO
M1AP,MESO
M6PR,MESO
MAD1L1,MESO
MAD2L1,MESO
MAD2L1BP,MESO
MAD2L2,MESO
MAEA,MESO
MAEL,MESO
MAF,MESO
MAFB,MESO
MAFF,MESO
MAFG,MESO
MAG,MESO
MAGEA12,MESO
MAGEA2,MESO
MAGEA2B,MESO
MAGEA6,MESO
MAGEA9,MESO
MAGEA9B,MESO
MAGEB5,MESO
MAGEB6,MESO
MAGEC1,MESO
MAGEC2,MESO
MAGED4,MESO
MAGED4B,MESO
MAGEH1,MESO
MAGOH,MESO
MAGOHB,MESO
MAGT1,MESO
MAK,MESO
MAK16,MESO
MALL,MESO
MALSU1,MESO
MAML1,MESO
MAML2,MESO
MAN1A2,MESO
MAN2C1,MESO
MANBAL,MESO
MANEAL,MESO
MANF,MESO
MANSC1,MESO
MANSC4,MESO
MAOA,MESO
MAP1A,MESO
MAP1LC3A,MESO
MAP1LC3B,MESO
MAP2K1,MESO
MAP2K2,MESO
MAP2K3,MESO
MAP2K4,MESO
MAP2K5,MESO
MAP2K7,MESO
MAP3K1,MESO
MAP3K11,MESO
MAP3K13,MESO
MAP3K2,MESO
MAP3K4,MESO
MAP3K7,MESO
MAP3K8,MESO
MAP4K2,MESO
MAP4K3,MESO
MAP4K4,MESO
MAP6D1,MESO
MAPK1,MESO
MAPK10,MESO
MAPK13,MESO
MAPK14,MESO
MAPK15,MESO
MAPK1IP1L,MESO
MAPK6,MESO
MAPK7,MESO
MAPK8,MESO
MAPK9,MESO
MAPKAP1,MESO
MAPKAPK5,MESO
MAPRE1,MESO
MARCH5,MESO
MARCH6,MESO
MARCH9,MESO
MARCKS,MESO
MARK2,MESO
MARS,MESO
MARS2,MESO
MAST1,MESO
MAST2,MESO
MASTL,MESO
MAT1A,MESO
MAT2A,MESO
MAT2B,MESO
MATN1,MESO
MATN4,MESO
MATR3,MESO
MAU2,MESO
MAX,MESO
MB21D1,MESO
MBD2,MESO
MBD3,MESO
MBD3L3,MESO
MBIP,MESO
MBLAC1,MESO
MBNL1,MESO
MBOAT1,MESO
MBOAT2,MESO
MBOAT7,MESO
MBTD1,MESO
MBTPS1,MESO
MBTPS2,MESO
MCAT,MESO
MCCD1,MESO
MCF2L,MESO
MCIDAS,MESO
MCL1,MESO
MCM10,MESO
MCM2,MESO
MCM3,MESO
MCM3AP,MESO
MCM4,MESO
MCM5,MESO
MCM6,MESO
MCM7,MESO
MCM9,MESO
MCMBP,MESO
MCMDC2,MESO
MCOLN3,MESO
MCPH1,MESO
MCRS1,MESO
MCTP1,MESO
MCTS1,MESO
MDC1,MESO
MDGA2,MESO
MDH1,MESO
MDH2,MESO
MDK,MESO
MDM2,MESO
MDM4,MESO
MDN1,MESO
ME1,MESO
ME2,MESO
MEAF6,MESO
MECOM,MESO
MECR,MESO
MED1,MESO
MED10,MESO
MED11,MESO
MED12,MESO
MED13,MESO
MED13L,MESO
MED14,MESO
MED15,MESO
MED16,MESO
MED17,MESO
MED18,MESO
MED19,MESO
MED20,MESO
MED21,MESO
MED22,MESO
MED23,MESO
MED24,MESO
MED25,MESO
MED26,MESO
MED27,MESO
MED28,MESO
MED29,MESO
MED30,MESO
MED31,MESO
MED4,MESO
MED6,MESO
MED7,MESO
MED8,MESO
MED9,MESO
MEF2B,MESO
MEF2C,MESO
MEF2D,MESO
MEI4,MESO
MEIG1,MESO
MEIS1,MESO
MEIS2,MESO
MEIS3,MESO
MELK,MESO
MEMO1,MESO
MEN1,MESO
MEP1A,MESO
MEPCE,MESO
MEPE,MESO
MESDC2,MESO
MESP2,MESO
MEST,MESO
MET,MESO
METAP1,MESO
METAP1D,MESO
METAP2,MESO
METRNL,MESO
METTL1,MESO
METTL10,MESO
METTL14,MESO
METTL15,MESO
METTL16,MESO
METTL17,MESO
METTL18,MESO
METTL21B,MESO
METTL23,MESO
METTL3,MESO
METTL4,MESO
METTL5,MESO
METTL6,MESO
METTL7A,MESO
METTL9,MESO
MFAP1,MESO
MFN1,MESO
MFN2,MESO
MFNG,MESO
MFSD11,MESO
MFSD8,MESO
MGA,MESO
MGAT1,MESO
MGAT2,MESO
MGAT4A,MESO
MGAT4C,MESO
MGAT5B,MESO
MGEA5,MESO
MGLL,MESO
MGRN1,MESO
MIA2,MESO
MIA3,MESO
MIB1,MESO
MICAL1,MESO
MICB,MESO
MICU1,MESO
MICU2,MESO
MID1,MESO
MIEF1,MESO
MIEN1,MESO
MIF4GD,MESO
MIIP,MESO
MINOS1,MESO
MIOS,MESO
MIOX,MESO
MIPEP,MESO
MIPOL1,MESO
MIS12,MESO
MIS18A,MESO
MIS18BP1,MESO
MITD1,MESO
MITF,MESO
MIXL1,MESO
MKI67,MESO
MKLN1,MESO
MKRN1,MESO
MKRN2,MESO
MLC1,MESO
MLLT1,MESO
MLLT10,MESO
MLLT3,MESO
MLLT4,MESO
MLST8,MESO
MLX,MESO
MMAA,MESO
MMAB,MESO
MMACHC,MESO
MMADHC,MESO
MMEL1,MESO
MMGT1,MESO
MMP10,MESO
MMP23B,MESO
MMP27,MESO
MMP8,MESO
MMS19,MESO
MMS22L,MESO
MNAT1,MESO
MND1,MESO
MNT,MESO
MOB1A,MESO
MOB1B,MESO
MOB3B,MESO
MOB4,MESO
MOCS2,MESO
MOCS3,MESO
MOGAT1,MESO
MOGS,MESO
MON2,MESO
MORC2,MESO
MORC3,MESO
MORF4L1,MESO
MORF4L2,MESO
MORN1,MESO
MORN2,MESO
MORN5,MESO
MOS,MESO
MPC1,MESO
MPC2,MESO
MPDU1,MESO
MPHOSPH10,MESO
MPHOSPH6,MESO
MPHOSPH8,MESO
MPI,MESO
MPP2,MESO
MPP3,MESO
MPP5,MESO
MPP6,MESO
MPP7,MESO
MPPE1,MESO
MPRIP,MESO
MPV17L2,MESO
MPZL2,MESO
MPZL3,MESO
MRE11A,MESO
MREG,MESO
MRGBP,MESO
MRGPRD,MESO
MRGPRX1,MESO
MRGPRX3,MESO
MROH6,MESO
MROH9,MESO
MRP63,MESO
MRPL1,MESO
MRPL10,MESO
MRPL11,MESO
MRPL12,MESO
MRPL13,MESO
MRPL14,MESO
MRPL15,MESO
MRPL16,MESO
MRPL17,MESO
MRPL18,MESO
MRPL19,MESO
MRPL2,MESO
MRPL20,MESO
MRPL21,MESO
MRPL22,MESO
MRPL23,MESO
MRPL24,MESO
MRPL27,MESO
MRPL28,MESO
MRPL3,MESO
MRPL30,MESO
MRPL32,MESO
MRPL33,MESO
MRPL34,MESO
MRPL35,MESO
MRPL36,MESO
MRPL37,MESO
MRPL38,MESO
MRPL39,MESO
MRPL4,MESO
MRPL40,MESO
MRPL41,MESO
MRPL42,MESO
MRPL43,MESO
MRPL44,MESO
MRPL45,MESO
MRPL46,MESO
MRPL47,MESO
MRPL48,MESO
MRPL49,MESO
MRPL50,MESO
MRPL51,MESO
MRPL52,MESO
MRPL53,MESO
MRPL54,MESO
MRPL55,MESO
MRPL9,MESO
MRPS10,MESO
MRPS11,MESO
MRPS12,MESO
MRPS14,MESO
MRPS15,MESO
MRPS16,MESO
MRPS17,MESO
MRPS18A,MESO
MRPS18B,MESO
MRPS18C,MESO
MRPS2,MESO
MRPS21,MESO
MRPS22,MESO
MRPS23,MESO
MRPS24,MESO
MRPS25,MESO
MRPS26,MESO
MRPS27,MESO
MRPS28,MESO
MRPS30,MESO
MRPS31,MESO
MRPS33,MESO
MRPS34,MESO
MRPS35,MESO
MRPS36,MESO
MRPS5,MESO
MRPS6,MESO
MRPS7,MESO
MRPS9,MESO
MRS2,MESO
MRTO4,MESO
MS4A13,MESO
MS4A15,MESO
MS4A7,MESO
MSANTD2,MESO
MSANTD4,MESO
MSH2,MESO
MSH3,MESO
MSH4,MESO
MSI2,MESO
MSL1,MESO
MSL2,MESO
MSMO1,MESO
MST1,MESO
MSTO1,MESO
MSX2,MESO
MT1A,MESO
MT1B,MESO
MT1E,MESO
MT1F,MESO
MT1H,MESO
MT1HL1,MESO
MT1M,MESO
MT2A,MESO
MT4,MESO
MTA2,MESO
MTA3,MESO
MTAP,MESO
MTBP,MESO
MTCH2,MESO
MTERF,MESO
MTERFD1,MESO
MTERFD2,MESO
MTERFD3,MESO
MTF1,MESO
MTF2,MESO
MTFMT,MESO
MTG1,MESO
MTG2,MESO
MTHFD1,MESO
MTHFD2L,MESO
MTHFS,MESO
MTIF2,MESO
MTIF3,MESO
MTMR1,MESO
MTMR2,MESO
MTMR4,MESO
MTMR6,MESO
MTNR1B,MESO
MTO1,MESO
MTOR,MESO
MTPAP,MESO
MTR,MESO
MTRF1,MESO
MTRF1L,MESO
MTRR,MESO
MTX1,MESO
MTX2,MESO
MUC20,MESO
MUCL1,MESO
MUL1,MESO
MUM1L1,MESO
MURC,MESO
MUS81,MESO
MVD,MESO
MVK,MESO
MYB,MESO
MYBBP1A,MESO
MYBL1,MESO
MYBL2,MESO
MYC,MESO
MYCBPAP,MESO
MYCN,MESO
MYD88,MESO
MYF6,MESO
MYH10,MESO
MYH14,MESO
MYH3,MESO
MYH4,MESO
MYH9,MESO
MYL12A,MESO
MYL12B,MESO
MYL6,MESO
MYLIP,MESO
MYO10,MESO
MYO15A,MESO
MYO18B,MESO
MYO1A,MESO
MYO1G,MESO
MYO1H,MESO
MYO5A,MESO
MYO6,MESO
MYO7A,MESO
MYO9B,MESO
MYOD1,MESO
MYOT,MESO
MYPOP,MESO
MYRF,MESO
MYSM1,MESO
MZF1,MESO
MZT1,MESO
MZT2A,MESO
MZT2B,MESO
N4BP2,MESO
N6AMT1,MESO
N6AMT2,MESO
NAA10,MESO
NAA15,MESO
NAA16,MESO
NAA20,MESO
NAA25,MESO
NAA30,MESO
NAA35,MESO
NAA38,MESO
NAA50,MESO
NAALAD2,MESO
NABP2,MESO
NACA,MESO
NACA2,MESO
NACC1,MESO
NADK,MESO
NADK2,MESO
NAE1,MESO
NAF1,MESO
NAIF1,MESO
NAIP,MESO
NAMPT,MESO
NANOGNB,MESO
NANP,MESO
NANS,MESO
NAP1L1,MESO
NAP1L4,MESO
NAPA,MESO
NAPB,MESO
NAPG,MESO
NAPRT1,MESO
NARFL,MESO
NARG2,MESO
NARS,MESO
NARS2,MESO
NASP,MESO
NAT10,MESO
NAT2,MESO
NBAS,MESO
NBL1,MESO
NBN,MESO
NBPF4,MESO
NBPF6,MESO
NCAPD2,MESO
NCAPD3,MESO
NCAPG,MESO
NCAPG2,MESO
NCAPH,MESO
NCAPH2,MESO
NCBP1,MESO
NCBP2,MESO
NCDN,MESO
NCEH1,MESO
NCF1,MESO
NCK1,MESO
NCKAP1,MESO
NCKAP5L,MESO
NCL,MESO
NCLN,MESO
NCOA3,MESO
NCOA4,MESO
NCOA5,MESO
NCOA6,MESO
NCOA7,MESO
NCOR1,MESO
NCSTN,MESO
NDC1,MESO
NDC80,MESO
NDE1,MESO
NDEL1,MESO
NDFIP2,MESO
NDNL2,MESO
NDOR1,MESO
NDRG3,MESO
NDST1,MESO
NDUFA1,MESO
NDUFA10,MESO
NDUFA11,MESO
NDUFA12,MESO
NDUFA13,MESO
NDUFA2,MESO
NDUFA3,MESO
NDUFA4,MESO
NDUFA5,MESO
NDUFA6,MESO
NDUFA7,MESO
NDUFA8,MESO
NDUFA9,MESO
NDUFAB1,MESO
NDUFAF1,MESO
NDUFAF2,MESO
NDUFAF3,MESO
NDUFAF4,MESO
NDUFAF5,MESO
NDUFAF6,MESO
NDUFAF7,MESO
NDUFB1,MESO
NDUFB10,MESO
NDUFB11,MESO
NDUFB2,MESO
NDUFB3,MESO
NDUFB4,MESO
NDUFB5,MESO
NDUFB6,MESO
NDUFB7,MESO
NDUFB8,MESO
NDUFB9,MESO
NDUFC1,MESO
NDUFC2,MESO
NDUFC2-KCTD14,MESO
NDUFS1,MESO
NDUFS2,MESO
NDUFS3,MESO
NDUFS4,MESO
NDUFS5,MESO
NDUFS6,MESO
NDUFS7,MESO
NDUFS8,MESO
NDUFV1,MESO
NDUFV2,MESO
NEDD1,MESO
NEDD4L,MESO
NEDD8,MESO
NEDD9,MESO
NEFM,MESO
NEIL2,MESO
NEK1,MESO
NEK2,MESO
NEK3,MESO
NEK5,MESO
NEK7,MESO
NEK8,MESO
NELFA,MESO
NELFB,MESO
NELFCD,MESO
NELFE,MESO
NEMF,MESO
NEURL4,MESO
NEUROD2,MESO
NEUROG3,MESO
NF1,MESO
NFATC2IP,MESO
NFE2L1,MESO
NFE2L2,MESO
NFE2L3,MESO
NFIA,MESO
NFIB,MESO
NFIC,MESO
NFKB1,MESO
NFKB2,MESO
NFKBIA,MESO
NFKBIE,MESO
NFRKB,MESO
NFS1,MESO
NFU1,MESO
NFYA,MESO
NFYB,MESO
NFYC,MESO
NGDN,MESO
NGFRAP1,MESO
NGLY1,MESO
NGRN,MESO
NHLRC2,MESO
NHLRC3,MESO
NHLRC4,MESO
NHP2,MESO
NHP2L1,MESO
NIFK,MESO
NIP7,MESO
NIPA2,MESO
NIPAL2,MESO
NIPBL,MESO
NISCH,MESO
NIT2,MESO
NKAIN2,MESO
NKAIN3,MESO
NKAIN4,MESO
NKAP,MESO
NKAPL,MESO
NKTR,MESO
NKX2-1,MESO
NKX3-1,MESO
NLE1,MESO
NLRP13,MESO
NLRP4,MESO
NLRP7,MESO
NMD3,MESO
NME1,MESO
NME1-NME2,MESO
NME2,MESO
NME6,MESO
NME8,MESO
NMI,MESO
NMNAT1,MESO
NMNAT3,MESO
NMRAL1,MESO
NMRK1,MESO
NMS,MESO
NMT1,MESO
NMU,MESO
NMUR1,MESO
NOA1,MESO
NOB1,MESO
NOC2L,MESO
NOC3L,MESO
NOC4L,MESO
NOL10,MESO
NOL11,MESO
NOL12,MESO
NOL3,MESO
NOL4,MESO
NOL6,MESO
NOL7,MESO
NOL8,MESO
NOL9,MESO
NOLC1,MESO
NOM1,MESO
NOMO1,MESO
NOMO2,MESO
NONO,MESO
NOP10,MESO
NOP14,MESO
NOP16,MESO
NOP2,MESO
NOP56,MESO
NOP58,MESO
NOP9,MESO
NOSIP,MESO
NOSTRIN,MESO
NOTCH2NL,MESO
NOTUM,MESO
NOX1,MESO
NOX5,MESO
NPAS4,MESO
NPAT,MESO
NPBWR2,MESO
NPC1,MESO
NPC1L1,MESO
NPC2,MESO
NPEPPS,MESO
NPFFR2,MESO
NPHP3,MESO
NPHS2,MESO
NPIPA5,MESO
NPL,MESO
NPLOC4,MESO
NPM1,MESO
NPNT,MESO
NPRL2,MESO
NPY1R,MESO
NQO1,MESO
NR0B2,MESO
NR1D2,MESO
NR1H2,MESO
NR1H4,MESO
NR1I3,MESO
NR2C2,MESO
NR2C2AP,MESO
NR3C2,MESO
NR6A1,MESO
NRAS,MESO
NRBF2,MESO
NRBP1,MESO
NRD1,MESO
NRDE2,MESO
NRF1,MESO
NRP1,MESO
NRTN,MESO
NSA2,MESO
NSD1,MESO
NSF,MESO
NSFL1C,MESO
NSL1,MESO
NSMCE1,MESO
NSMCE2,MESO
NSMCE4A,MESO
NSRP1,MESO
NSUN4,MESO
NSUN5,MESO
NSUN7,MESO
NT5C,MESO
NT5C1B-RDH14,MESO
NT5C3A,MESO
NT5C3B,MESO
NT5DC1,MESO
NT5DC2,MESO
NT5DC3,MESO
NTAN1,MESO
NTMT1,MESO
NTN1,MESO
NTNG1,MESO
NTRK3,MESO
NTS,MESO
NUAK2,MESO
NUBP1,MESO
NUBP2,MESO
NUBPL,MESO
NUCB2,MESO
NUCKS1,MESO
NUDC,MESO
NUDCD1,MESO
NUDCD3,MESO
NUDT10,MESO
NUDT11,MESO
NUDT12,MESO
NUDT16L1,MESO
NUDT17,MESO
NUDT21,MESO
NUDT4,MESO
NUDT8,MESO
NUF2,MESO
NUFIP1,MESO
NUFIP2,MESO
NUMA1,MESO
NUMB,MESO
NUP107,MESO
NUP133,MESO
NUP153,MESO
NUP155,MESO
NUP160,MESO
NUP188,MESO
NUP205,MESO
NUP214,MESO
NUP35,MESO
NUP37,MESO
NUP43,MESO
NUP50,MESO
NUP54,MESO
NUP62,MESO
NUP85,MESO
NUP88,MESO
NUP93,MESO
NUP98,MESO
NUPL1,MESO
NUPL2,MESO
NUPR1L,MESO
NUS1,MESO
NUTF2,MESO
NUTM2F,MESO
NUTM2G,MESO
NVL,MESO
NXF1,MESO
NXF2,MESO
NXF2B,MESO
NXF3,MESO
NXPE1,MESO
NXPE3,MESO
NXT1,MESO
OAF,MESO
OARD1,MESO
OAZ1,MESO
OBFC1,MESO
OBP2B,MESO
OCIAD1,MESO
OCM,MESO
OCM2,MESO
OCRL,MESO
ODF1,MESO
ODF2L,MESO
OGDH,MESO
OGN,MESO
OGT,MESO
OIP5,MESO
OLA1,MESO
OLFML1,MESO
OLFML3,MESO
OLR1,MESO
OMD,MESO
OMG,MESO
OMP,MESO
OOSP2,MESO
OPA1,MESO
OPALIN,MESO
OPN1LW,MESO
OPRM1,MESO
ORAOV1,MESO
ORC1,MESO
ORC2,MESO
ORC3,MESO
ORC4,MESO
ORC5,MESO
ORC6,MESO
ORM1,MESO
ORMDL2,MESO
ORMDL3,MESO
OS9,MESO
OSBP,MESO
OSBPL11,MESO
OSBPL1A,MESO
OSBPL2,MESO
OSBPL8,MESO
OSBPL9,MESO
OSGEP,MESO
OSGIN2,MESO
OSR2,MESO
OSTC,MESO
OSTF1,MESO
OTOP1,MESO
OTUB1,MESO
OTUD1,MESO
OTUD4,MESO
OTUD5,MESO
OTUD6B,MESO
OTX2,MESO
OVGP1,MESO
OXA1L,MESO
OXR1,MESO
OXSM,MESO
OXSR1,MESO
P2RY10,MESO
P2RY6,MESO
P2RY8,MESO
P4HA1,MESO
P4HA2,MESO
PA2G4,MESO
PAAF1,MESO
PABPC1,MESO
PABPC1L2B,MESO
PABPC4,MESO
PABPC5,MESO
PABPN1,MESO
PACS1,MESO
PADI2,MESO
PAF1,MESO
PAFAH1B1,MESO
PAG1,MESO
PAGE2,MESO
PAGE5,MESO
PAGR1,MESO
PAICS,MESO
PAIP1,MESO
PAIP2,MESO
PAK1,MESO
PAK1IP1,MESO
PAK2,MESO
PAK4,MESO
PALB2,MESO
PALM2-AKAP2,MESO
PALMD,MESO
PAM16,MESO
PAN3,MESO
PANK1,MESO
PANK4,MESO
PANX1,MESO
PANX3,MESO
PAOX,MESO
PAPD5,MESO
PAPD7,MESO
PAPOLA,MESO
PAPPA,MESO
PAPSS1,MESO
PAQR3,MESO
PAQR4,MESO
PAQR6,MESO
PAQR8,MESO
PARD3,MESO
PARD6B,MESO
PARK7,MESO
PARL,MESO
PARN,MESO
PARP11,MESO
PARP14,MESO
PARP15,MESO
PARP3,MESO
PARP6,MESO
PARPBP,MESO
PARS2,MESO
PARVA,MESO
PARVB,MESO
PATL1,MESO
PATZ1,MESO
PAX1,MESO
PAX3,MESO
PAX5,MESO
PAX8,MESO
PAXBP1,MESO
PAXIP1,MESO
PBX1,MESO
PBX2,MESO
PC,MESO
PCBD1,MESO
PCBD2,MESO
PCBP1,MESO
PCBP2,MESO
PCCB,MESO
PCDH10,MESO
PCDH11X,MESO
PCDH11Y,MESO
PCDH17,MESO
PCDHA10,MESO
PCDHA12,MESO
PCDHA2,MESO
PCDHA3,MESO
PCDHA8,MESO
PCDHB11,MESO
PCDHB14,MESO
PCDHB2,MESO
PCDHB7,MESO
PCDHGA1,MESO
PCDHGA6,MESO
PCDHGB1,MESO
PCDHGB2,MESO
PCDHGC3,MESO
PCDP1,MESO
PCF11,MESO
PCGF1,MESO
PCGF5,MESO
PCID2,MESO
PCK2,MESO
PCM1,MESO
PCMT1,MESO
PCMTD1,MESO
PCMTD2,MESO
PCNA,MESO
PCNP,MESO
PCNT,MESO
PCNXL2,MESO
PCP4,MESO
PCP4L1,MESO
PCSK9,MESO
PCYOX1,MESO
PCYOX1L,MESO
PCYT1A,MESO
PCYT2,MESO
PDAP1,MESO
PDC,MESO
PDCD10,MESO
PDCD11,MESO
PDCD2,MESO
PDCD5,MESO
PDCD6,MESO
PDCD6IP,MESO
PDCD7,MESO
PDCL,MESO
PDCL2,MESO
PDCL3,MESO
PDE11A,MESO
PDE12,MESO
PDE1A,MESO
PDE3B,MESO
PDE4D,MESO
PDE4DIP,MESO
PDE6G,MESO
PDE6H,MESO
PDE7A,MESO
PDE8B,MESO
PDGFC,MESO
PDGFD,MESO
PDGFRA,MESO
PDGFRB,MESO
PDHA1,MESO
PDHB,MESO
PDIA3,MESO
PDIA4,MESO
PDIA5,MESO
PDIA6,MESO
PDIK1L,MESO
PDP2,MESO
PDPK1,MESO
PDPR,MESO
PDRG1,MESO
PDS5A,MESO
PDS5B,MESO
PDSS1,MESO
PDSS2,MESO
PDXP,MESO
PDZD11,MESO
PDZD3,MESO
PDZD4,MESO
PDZD8,MESO
PDZD9,MESO
PDZK1,MESO
PEA15,MESO
PEAR1,MESO
PELO,MESO
PELP1,MESO
PER2,MESO
PER3,MESO
PERP,MESO
PES1,MESO
PET112,MESO
PET117,MESO
PEX1,MESO
PEX10,MESO
PEX11B,MESO
PEX13,MESO
PEX14,MESO
PEX16,MESO
PEX19,MESO
PEX2,MESO
PEX3,MESO
PEX5,MESO
PEX6,MESO
PF4,MESO
PF4V1,MESO
PFAS,MESO
PFDN1,MESO
PFDN2,MESO
PFDN4,MESO
PFDN5,MESO
PFDN6,MESO
PFKFB2,MESO
PFKFB4,MESO
PFKM,MESO
PFKP,MESO
PFN1,MESO
PFN4,MESO
PGAM1,MESO
PGAM4,MESO
PGAP2,MESO
PGAP3,MESO
PGBD3,MESO
PGC,MESO
PGD,MESO
PGGT1B,MESO
PGK1,MESO
PGLS,MESO
PGM2L1,MESO
PGM3,MESO
PGP,MESO
PGPEP1,MESO
PGRMC1,MESO
PGRMC2,MESO
PGS1,MESO
PHAX,MESO
PHB,MESO
PHB2,MESO
PHC1,MESO
PHC3,MESO
PHF10,MESO
PHF12,MESO
PHF20,MESO
PHF21A,MESO
PHF23,MESO
PHF3,MESO
PHF5A,MESO
PHF6,MESO
PHF8,MESO
PHGR1,MESO
PHIP,MESO
PHLDA2,MESO
PHOX2A,MESO
PHOX2B,MESO
PHYHD1,MESO
PHYHIPL,MESO
PI16,MESO
PI4K2A,MESO
PI4KA,MESO
PI4KB,MESO
PIAS1,MESO
PIAS2,MESO
PIAS4,MESO
PICALM,MESO
PIFO,MESO
PIGA,MESO
PIGB,MESO
PIGC,MESO
PIGH,MESO
PIGK,MESO
PIGL,MESO
PIGM,MESO
PIGN,MESO
PIGO,MESO
PIGP,MESO
PIGS,MESO
PIGU,MESO
PIGW,MESO
PIGY,MESO
PIH1D1,MESO
PIH1D2,MESO
PIK3AP1,MESO
PIK3C2A,MESO
PIK3C3,MESO
PIK3CA,MESO
PIK3CB,MESO
PIK3CD,MESO
PIK3CG,MESO
PIK3R1,MESO
PIK3R3,MESO
PIK3R4,MESO
PIK3R5,MESO
PIKFYVE,MESO
PIM1,MESO
PIM2,MESO
PIM3,MESO
PIN1,MESO
PIN4,MESO
PINX1,MESO
PIP,MESO
PIP5K1A,MESO
PISD,MESO
PITPNB,MESO
PITPNC1,MESO
PITRM1,MESO
PIWIL2,MESO
PIWIL3,MESO
PKD2,MESO
PKHD1,MESO
PKIA,MESO
PKIG,MESO
PKLR,MESO
PKM,MESO
PKMYT1,MESO
PKN2,MESO
PKP4,MESO
PLA1A,MESO
PLA2G10,MESO
PLA2G12A,MESO
PLA2G4A,MESO
PLA2G4B,MESO
PLA2G4D,MESO
PLA2G7,MESO
PLA2R1,MESO
PLAA,MESO
PLAC1,MESO
PLAC9,MESO
PLAGL2,MESO
PLB1,MESO
PLBD1,MESO
PLCB3,MESO
PLCB4,MESO
PLCE1,MESO
PLCG1,MESO
PLCZ1,MESO
PLEC,MESO
PLEKHA3,MESO
PLEKHA5,MESO
PLEKHA8,MESO
PLEKHF2,MESO
PLEKHG2,MESO
PLEKHG3,MESO
PLEKHG4,MESO
PLEKHJ1,MESO
PLEKHM1,MESO
PLG,MESO
PLGLB1,MESO
PLGLB2,MESO
PLK1,MESO
PLK2,MESO
PLK4,MESO
PLRG1,MESO
PLS3,MESO
PLXNA1,MESO
PLXNA2,MESO
PM20D1,MESO
PM20D2,MESO
PMCH,MESO
PMF1,MESO
PMF1-BGLAP,MESO
PML,MESO
PMM2,MESO
PMPCA,MESO
PMPCB,MESO
PMS1,MESO
PMVK,MESO
PNISR,MESO
PNKP,MESO
PNLDC1,MESO
PNMA6C,MESO
PNMT,MESO
PNN,MESO
PNO1,MESO
PNP,MESO
PNPLA8,MESO
PNPT1,MESO
PNRC2,MESO
POC1A,MESO
POC1B,MESO
POC1B-GALNT4,MESO
POC5,MESO
POGLUT1,MESO
POGZ,MESO
POLA1,MESO
POLA2,MESO
POLB,MESO
POLD1,MESO
POLD2,MESO
POLD3,MESO
POLE,MESO
POLE2,MESO
POLE3,MESO
POLE4,MESO
POLG,MESO
POLG2,MESO
POLI,MESO
POLQ,MESO
POLR1A,MESO
POLR1B,MESO
POLR1C,MESO
POLR1D,MESO
POLR1E,MESO
POLR2A,MESO
POLR2B,MESO
POLR2C,MESO
POLR2D,MESO
POLR2E,MESO
POLR2F,MESO
POLR2G,MESO
POLR2H,MESO
POLR2I,MESO
POLR2K,MESO
POLR2L,MESO
POLR2M,MESO
POLR3A,MESO
POLR3B,MESO
POLR3C,MESO
POLR3D,MESO
POLR3E,MESO
POLR3F,MESO
POLR3G,MESO
POLR3H,MESO
POLR3K,MESO
POLRMT,MESO
POM121,MESO
POM121C,MESO
POMP,MESO
POMZP3,MESO
PON2,MESO
PON3,MESO
POP1,MESO
POP4,MESO
POP5,MESO
POP7,MESO
POT1,MESO
POTED,MESO
POTEE,MESO
POTEF,MESO
POTEG,MESO
POTEI,MESO
POTEJ,MESO
POTEM,MESO
POU2AF1,MESO
POU2F1,MESO
POU3F2,MESO
POU3F4,MESO
POU5F1,MESO
POU5F1B,MESO
PPA1,MESO
PPA2,MESO
PPAN,MESO
PPAN-P2RY11,MESO
PPAP2C,MESO
PPAPDC1A,MESO
PPARG,MESO
PPAT,MESO
PPBP,MESO
PPCDC,MESO
PPCS,MESO
PPEF2,MESO
PPFIA1,MESO
PPFIBP2,MESO
PPHLN1,MESO
PPIA,MESO
PPIAL4G,MESO
PPIB,MESO
PPID,MESO
PPIE,MESO
PPIH,MESO
PPIL1,MESO
PPIL2,MESO
PPIL4,MESO
PPIP5K2,MESO
PPL,MESO
PPM1D,MESO
PPM1E,MESO
PPM1G,MESO
PPM1J,MESO
PPME1,MESO
PPOX,MESO
PPP1CA,MESO
PPP1CB,MESO
PPP1CC,MESO
PPP1R10,MESO
PPP1R11,MESO
PPP1R12A,MESO
PPP1R13B,MESO
PPP1R14B,MESO
PPP1R14C,MESO
PPP1R15B,MESO
PPP1R1A,MESO
PPP1R2,MESO
PPP1R26,MESO
PPP1R35,MESO
PPP1R3A,MESO
PPP1R42,MESO
PPP1R7,MESO
PPP1R8,MESO
PPP2CA,MESO
PPP2CB,MESO
PPP2R1A,MESO
PPP2R1B,MESO
PPP2R2A,MESO
PPP2R2B,MESO
PPP2R2C,MESO
PPP2R3B,MESO
PPP2R3C,MESO
PPP2R4,MESO
PPP2R5B,MESO
PPP2R5C,MESO
PPP2R5E,MESO
PPP3CB,MESO
PPP3CC,MESO
PPP3R1,MESO
PPP4C,MESO
PPP4R1,MESO
PPP4R2,MESO
PPP5C,MESO
PPP6C,MESO
PPP6R2,MESO
PPP6R3,MESO
PPRC1,MESO
PPT2,MESO
PPTC7,MESO
PPWD1,MESO
PQBP1,MESO
PRAC1,MESO
PRADC1,MESO
PRAME,MESO
PRAMEF1,MESO
PRAMEF10,MESO
PRAMEF11,MESO
PRAMEF13,MESO
PRAMEF2,MESO
PRAMEF22,MESO
PRAMEF5,MESO
PRAMEF6,MESO
PRAMEF7,MESO
PRB1,MESO
PRB4,MESO
PRC1,MESO
PRCC,MESO
PRCP,MESO
PRDM1,MESO
PRDM10,MESO
PRDM16,MESO
PRDX1,MESO
PRDX2,MESO
PRDX3,MESO
PRDX4,MESO
PRDX6,MESO
PREB,MESO
PRELID1,MESO
PREPL,MESO
PREX1,MESO
PREX2,MESO
PRG4,MESO
PRIM1,MESO
PRIMA1,MESO
PRIMPOL,MESO
PRKAA2,MESO
PRKACA,MESO
PRKACB,MESO
PRKACG,MESO
PRKAG1,MESO
PRKAG2,MESO
PRKAR1A,MESO
PRKAR2A,MESO
PRKCA,MESO
PRKCE,MESO
PRKCI,MESO
PRKD1,MESO
PRKD3,MESO
PRKG1,MESO
PRKRA,MESO
PRKRIP1,MESO
PRKRIR,MESO
PRMT1,MESO
PRMT10,MESO
PRMT2,MESO
PRMT5,MESO
PROB1,MESO
PROCA1,MESO
PROL1,MESO
PROS1,MESO
PROX1,MESO
PRPF18,MESO
PRPF19,MESO
PRPF3,MESO
PRPF31,MESO
PRPF38A,MESO
PRPF38B,MESO
PRPF39,MESO
PRPF4,MESO
PRPF40A,MESO
PRPF4B,MESO
PRPF6,MESO
PRPF8,MESO
PRPS1,MESO
PRPS2,MESO
PRR11,MESO
PRR12,MESO
PRR13,MESO
PRR14L,MESO
PRR16,MESO
PRR22,MESO
PRR23B,MESO
PRR23D1,MESO
PRR3,MESO
PRR5-ARHGAP8,MESO
PRR7,MESO
PRRC1,MESO
PRRC2A,MESO
PRRC2C,MESO
PRRT4,MESO
PRSS55,MESO
PRUNE,MESO
PSAT1,MESO
PSEN1,MESO
PSENEN,MESO
PSG11,MESO
PSG2,MESO
PSG3,MESO
PSG4,MESO
PSG5,MESO
PSG6,MESO
PSIP1,MESO
PSMA1,MESO
PSMA2,MESO
PSMA3,MESO
PSMA4,MESO
PSMA5,MESO
PSMA6,MESO
PSMA7,MESO
PSMB1,MESO
PSMB11,MESO
PSMB2,MESO
PSMB3,MESO
PSMB4,MESO
PSMB5,MESO
PSMB6,MESO
PSMB7,MESO
PSMC1,MESO
PSMC2,MESO
PSMC3,MESO
PSMC4,MESO
PSMC5,MESO
PSMC6,MESO
PSMD1,MESO
PSMD10,MESO
PSMD11,MESO
PSMD12,MESO
PSMD13,MESO
PSMD14,MESO
PSMD2,MESO
PSMD3,MESO
PSMD4,MESO
PSMD5,MESO
PSMD6,MESO
PSMD7,MESO
PSMD8,MESO
PSME2,MESO
PSME3,MESO
PSMF1,MESO
PSMG1,MESO
PSMG2,MESO
PSMG3,MESO
PSMG4,MESO
PSPC1,MESO
PSRC1,MESO
PSTK,MESO
PTAR1,MESO
PTBP1,MESO
PTCD3,MESO
PTCH1,MESO
PTCHD4,MESO
PTDSS1,MESO
PTEN,MESO
PTER,MESO
PTGDR,MESO
PTGER3,MESO
PTGES2,MESO
PTGES3,MESO
PTGES3L-AARSD1,MESO
PTH2R,MESO
PTK2,MESO
PTK6,MESO
PTK7,MESO
PTMA,MESO
PTMS,MESO
PTP4A1,MESO
PTP4A2,MESO
PTP4A3,MESO
PTPLAD2,MESO
PTPMT1,MESO
PTPN1,MESO
PTPN11,MESO
PTPN12,MESO
PTPN14,MESO
PTPN2,MESO
PTPN20A,MESO
PTPN22,MESO
PTPN23,MESO
PTPN7,MESO
PTPRD,MESO
PTRH2,MESO
PTTG1,MESO
PTTG2,MESO
PUF60,MESO
PUM1,MESO
PUM2,MESO
PURB,MESO
PUS3,MESO
PUS7,MESO
PUSL1,MESO
PVRL4,MESO
PWP1,MESO
PWP2,MESO
PXDNL,MESO
PXN,MESO
PYGM,MESO
PYHIN1,MESO
PYROXD1,MESO
PYURF,MESO
PZP,MESO
QARS,MESO
QKI,MESO
QRICH1,MESO
QRSL1,MESO
QSOX1,MESO
QSOX2,MESO
QTRT1,MESO
R3HDM1,MESO
R3HDM2,MESO
RAB10,MESO
RAB11A,MESO
RAB11FIP2,MESO
RAB14,MESO
RAB15,MESO
RAB18,MESO
RAB1A,MESO
RAB1B,MESO
RAB21,MESO
RAB24,MESO
RAB28,MESO
RAB2A,MESO
RAB31,MESO
RAB34,MESO
RAB35,MESO
RAB3C,MESO
RAB3GAP1,MESO
RAB3GAP2,MESO
RAB40A,MESO
RAB41,MESO
RAB43,MESO
RAB4A,MESO
RAB5A,MESO
RAB5C,MESO
RAB6A,MESO
RAB6B,MESO
RAB6C,MESO
RAB7A,MESO
RAB9A,MESO
RABGEF1,MESO
RABGGTA,MESO
RABGGTB,MESO
RABIF,MESO
RABL2A,MESO
RABL2B,MESO
RABL3,MESO
RAC1,MESO
RAC2,MESO
RACGAP1,MESO
RAD1,MESO
RAD17,MESO
RAD18,MESO
RAD21,MESO
RAD21L1,MESO
RAD23A,MESO
RAD23B,MESO
RAD50,MESO
RAD51,MESO
RAD51AP1,MESO
RAD51B,MESO
RAD51C,MESO
RAD51D,MESO
RAD52,MESO
RAD54B,MESO
RAD54L2,MESO
RAD9A,MESO
RAD9B,MESO
RAE1,MESO
RAET1G,MESO
RAET1L,MESO
RAF1,MESO
RAG1,MESO
RALA,MESO
RALBP1,MESO
RALGAPA1,MESO
RALGAPA2,MESO
RALGAPB,MESO
RALGPS1,MESO
RALYL,MESO
RAN,MESO
RANBP1,MESO
RANBP2,MESO
RANBP3,MESO
RANBP9,MESO
RANGAP1,MESO
RAP1A,MESO
RAP1B,MESO
RAP1GDS1,MESO
RAP2C,MESO
RAPGEF1,MESO
RAPGEF2,MESO
RAPGEF4,MESO
RAPGEF6,MESO
RAPGEFL1,MESO
RAPH1,MESO
RARA,MESO
RARS,MESO
RARS2,MESO
RASA1,MESO
RASA2,MESO
RASA4,MESO
RASA4B,MESO
RASD2,MESO
RASGEF1B,MESO
RASGEF1C,MESO
RASGRP2,MESO
RASSF3,MESO
RASSF4,MESO
RASSF7,MESO
RASSF8,MESO
RAVER2,MESO
RB1CC1,MESO
RBAK,MESO
RBBP4,MESO
RBBP5,MESO
RBBP6,MESO
RBBP7,MESO
RBBP8,MESO
RBFA,MESO
RBL1,MESO
RBM10,MESO
RBM11,MESO
RBM12,MESO
RBM12B,MESO
RBM14,MESO
RBM15,MESO
RBM17,MESO
RBM18,MESO
RBM19,MESO
RBM22,MESO
RBM24,MESO
RBM25,MESO
RBM26,MESO
RBM27,MESO
RBM28,MESO
RBM33,MESO
RBM34,MESO
RBM39,MESO
RBM4,MESO
RBM41,MESO
RBM42,MESO
RBM43,MESO
RBM44,MESO
RBM45,MESO
RBM47,MESO
RBM48,MESO
RBM4B,MESO
RBM5,MESO
RBM6,MESO
RBM7,MESO
RBM8A,MESO
RBMS1,MESO
RBMS2,MESO
RBMS3,MESO
RBMX,MESO
RBMX2,MESO
RBMXL1,MESO
RBP3,MESO
RBPJ,MESO
RBPJL,MESO
RBX1,MESO
RC3H1,MESO
RCBTB2,MESO
RCC1,MESO
RCC2,MESO
RCE1,MESO
RCHY1,MESO
RCL1,MESO
RCN1,MESO
RCN2,MESO
RCN3,MESO
RCOR1,MESO
RCOR2,MESO
RDM1,MESO
RDX,MESO
REEP2,MESO
REEP4,MESO
REL,MESO
RELA,MESO
RELB,MESO
RELL1,MESO
REM1,MESO
REP15,MESO
REPS1,MESO
RER1,MESO
RERE,MESO
RERG,MESO
REST,MESO
REV1,MESO
REV3L,MESO
REXO2,MESO
RFC1,MESO
RFC2,MESO
RFC3,MESO
RFC4,MESO
RFC5,MESO
RFK,MESO
RFPL1,MESO
RFPL2,MESO
RFPL4A,MESO
RFPL4AL1,MESO
RFT1,MESO
RFWD2,MESO
RFWD3,MESO
RFX3,MESO
RFX6,MESO
RGCC,MESO
RGL4,MESO
RGP1,MESO
RGPD1,MESO
RGPD2,MESO
RGPD4,MESO
RGPD6,MESO
RGS13,MESO
RGS2,MESO
RGS20,MESO
RGS7,MESO
RHBDD1,MESO
RHBDF1,MESO
RHBDF2,MESO
RHCE,MESO
RHEB,MESO
RHEBL1,MESO
RHNO1,MESO
RHOA,MESO
RHOBTB3,MESO
RHOC,MESO
RHOF,MESO
RHOG,MESO
RHOH,MESO
RHOQ,MESO
RHOT1,MESO
RHOXF2,MESO
RHOXF2B,MESO
RIC8A,MESO
RICTOR,MESO
RIF1,MESO
RIIAD1,MESO
RILP,MESO
RILPL1,MESO
RIMBP2,MESO
RIMBP3B,MESO
RIMKLB,MESO
RING1,MESO
RINT1,MESO
RIOK1,MESO
RIOK2,MESO
RIOK3,MESO
RIPK1,MESO
RIPK3,MESO
RIPK4,MESO
RIT1,MESO
RLIM,MESO
RMI1,MESO
RMI2,MESO
RMND1,MESO
RMND5A,MESO
RMND5B,MESO
RNASE12,MESO
RNASE2,MESO
RNASEH1,MESO
RNASEH2A,MESO
RNASEH2B,MESO
RNASEH2C,MESO
RNASEK,MESO
RNASET2,MESO
RND1,MESO
RNF103-CHMP3,MESO
RNF11,MESO
RNF113A,MESO
RNF114,MESO
RNF123,MESO
RNF128,MESO
RNF13,MESO
RNF139,MESO
RNF14,MESO
RNF144B,MESO
RNF145,MESO
RNF146,MESO
RNF148,MESO
RNF151,MESO
RNF168,MESO
RNF180,MESO
RNF181,MESO
RNF182,MESO
RNF19A,MESO
RNF2,MESO
RNF20,MESO
RNF207,MESO
RNF216,MESO
RNF219,MESO
RNF223,MESO
RNF24,MESO
RNF25,MESO
RNF31,MESO
RNF34,MESO
RNF4,MESO
RNF40,MESO
RNF41,MESO
RNF7,MESO
RNF8,MESO
RNGTT,MESO
RNLS,MESO
RNMT,MESO
RNMTL1,MESO
RNPC3,MESO
RNPEP,MESO
RNPS1,MESO
ROCK1,MESO
ROCK2,MESO
ROMO1,MESO
ROPN1B,MESO
RP9,MESO
RPA1,MESO
RPA2,MESO
RPA3,MESO
RPAIN,MESO
RPAP1,MESO
RPAP2,MESO
RPAP3,MESO
RPE,MESO
RPE65,MESO
RPF1,MESO
RPF2,MESO
RPGRIP1L,MESO
RPIA,MESO
RPL10,MESO
RPL10A,MESO
RPL11,MESO
RPL12,MESO
RPL13,MESO
RPL13A,MESO
RPL14,MESO
RPL15,MESO
RPL17,MESO
RPL18,MESO
RPL18A,MESO
RPL19,MESO
RPL21,MESO
RPL22,MESO
RPL22L1,MESO
RPL23,MESO
RPL23A,MESO
RPL24,MESO
RPL26,MESO
RPL26L1,MESO
RPL27,MESO
RPL27A,MESO
RPL28,MESO
RPL29,MESO
RPL3,MESO
RPL30,MESO
RPL31,MESO
RPL32,MESO
RPL34,MESO
RPL35,MESO
RPL35A,MESO
RPL36,MESO
RPL36A,MESO
RPL36AL,MESO
RPL37,MESO
RPL37A,MESO
RPL38,MESO
RPL39L,MESO
RPL4,MESO
RPL5,MESO
RPL6,MESO
RPL7,MESO
RPL7A,MESO
RPL7L1,MESO
RPL8,MESO
RPL9,MESO
RPLP0,MESO
RPLP1,MESO
RPLP2,MESO
RPN1,MESO
RPN2,MESO
RPP14,MESO
RPP21,MESO
RPP25L,MESO
RPP30,MESO
RPP38,MESO
RPP40,MESO
RPRD1A,MESO
RPRD1B,MESO
RPRD2,MESO
RPS10,MESO
RPS11,MESO
RPS12,MESO
RPS13,MESO
RPS14,MESO
RPS15,MESO
RPS15A,MESO
RPS16,MESO
RPS18,MESO
RPS19,MESO
RPS19BP1,MESO
RPS2,MESO
RPS20,MESO
RPS21,MESO
RPS23,MESO
RPS24,MESO
RPS25,MESO
RPS27A,MESO
RPS27L,MESO
RPS28,MESO
RPS29,MESO
RPS3,MESO
RPS4X,MESO
RPS4Y1,MESO
RPS4Y2,MESO
RPS5,MESO
RPS6,MESO
RPS6KA2,MESO
RPS6KA3,MESO
RPS6KA4,MESO
RPS6KA6,MESO
RPS6KB1,MESO
RPS7,MESO
RPS8,MESO
RPS9,MESO
RPSA,MESO
RPTOR,MESO
RPUSD3,MESO
RPUSD4,MESO
RQCD1,MESO
RRAGA,MESO
RRAGB,MESO
RRAGC,MESO
RRAS2,MESO
RRH,MESO
RRM1,MESO
RRM2,MESO
RRN3,MESO
RRP1,MESO
RRP12,MESO
RRP15,MESO
RRP36,MESO
RRP7A,MESO
RRP8,MESO
RRP9,MESO
RRS1,MESO
RSAD1,MESO
RSF1,MESO
RSL1D1,MESO
RSL24D1,MESO
RSPH10B,MESO
RSPH10B2,MESO
RSPH9,MESO
RSPRY1,MESO
RSRC2,MESO
RSU1,MESO
RTCB,MESO
RTEL1,MESO
RTF1,MESO
RTFDC1,MESO
RTKN2,MESO
RTN4IP1,MESO
RTTN,MESO
RUNX1,MESO
RUNX2,MESO
RUNX3,MESO
RUVBL1,MESO
RUVBL2,MESO
RWDD1,MESO
RWDD2A,MESO
RWDD2B,MESO
RWDD4,MESO
RXRA,MESO
S100A10,MESO
S100A14,MESO
S100A7A,MESO
S100A9,MESO
S100G,MESO
SAAL1,MESO
SACM1L,MESO
SACS,MESO
SAE1,MESO
SAFB,MESO
SALL1,MESO
SAMD4B,MESO
SAMD9L,MESO
SAMHD1,MESO
SAMM50,MESO
SAP130,MESO
SAP18,MESO
SAP30,MESO
SAP30BP,MESO
SAR1A,MESO
SARNP,MESO
SARS,MESO
SARS2,MESO
SART1,MESO
SART3,MESO
SASH3,MESO
SASS6,MESO
SAT2,MESO
SATB1,MESO
SATL1,MESO
SBDS,MESO
SBK1,MESO
SBNO1,MESO
SC5D,MESO
SCAF1,MESO
SCAF11,MESO
SCAF4,MESO
SCAF8,MESO
SCAND1,MESO
SCAP,MESO
SCARB2,MESO
SCARF1,MESO
SCD,MESO
SCFD1,MESO
SCG3,MESO
SCG5,MESO
SCGB1C1,MESO
SCGB1D1,MESO
SCGB2A2,MESO
SCIN,MESO
SCLT1,MESO
SCLY,MESO
SCNM1,MESO
SCO1,MESO
SCO2,MESO
SCYL1,MESO
SCYL3,MESO
SDAD1,MESO
SDCBP,MESO
SDE2,MESO
SDF2,MESO
SDHA,MESO
SDHAF1,MESO
SDHAF2,MESO
SDHB,MESO
SDHC,MESO
SDHD,MESO
SEC11A,MESO
SEC11C,MESO
SEC13,MESO
SEC14L1,MESO
SEC14L2,MESO
SEC14L4,MESO
SEC16A,MESO
SEC22A,MESO
SEC22C,MESO
SEC23A,MESO
SEC23B,MESO
SEC23IP,MESO
SEC24B,MESO
SEC24C,MESO
SEC31A,MESO
SEC61A1,MESO
SEC61B,MESO
SEC61G,MESO
SEC62,MESO
SEC63,MESO
SECISBP2,MESO
SEH1L,MESO
SEL1L,MESO
SELK,MESO
SELO,MESO
SELRC1,MESO
SELT,MESO
SENP2,MESO
SENP6,MESO
SEPHS1,MESO
SEPHS2,MESO
SEPSECS,MESO
SEPT2,MESO
SEPT3,MESO
SEPT6,MESO
SEPW1,MESO
SERAC1,MESO
SERBP1,MESO
SERHL2,MESO
SERINC1,MESO
SERINC3,MESO
SERINC4,MESO
SERP1,MESO
SERPINB4,MESO
SERPINB5,MESO
SERPINB6,MESO
SERPINI2,MESO
SERTM1,MESO
SESN3,MESO
SETD1A,MESO
SETD1B,MESO
SETD2,MESO
SETD4,MESO
SETD5,MESO
SETD7,MESO
SETD8,MESO
SETDB1,MESO
SETDB2,MESO
SF1,MESO
SF3A1,MESO
SF3A2,MESO
SF3A3,MESO
SF3B1,MESO
SF3B14,MESO
SF3B2,MESO
SF3B3,MESO
SF3B4,MESO
SF3B5,MESO
SFI1,MESO
SFMBT1,MESO
SFN,MESO
SFPQ,MESO
SFR1,MESO
SFSWAP,MESO
SFT2D2,MESO
SFTA2,MESO
SFTPA1,MESO
SFXN4,MESO
SGCB,MESO
SGCD,MESO
SGIP1,MESO
SGK1,MESO
SGMS2,MESO
SGOL1,MESO
SGOL2,MESO
SGSM3,MESO
SH2D4A,MESO
SH3BGRL,MESO
SH3BP5L,MESO
SH3GL1,MESO
SH3GLB1,MESO
SHB,MESO
SHC1,MESO
SHC3,MESO
SHCBP1,MESO
SHCBP1L,MESO
SHFM1,MESO
SHISA5,MESO
SHOC2,MESO
SHQ1,MESO
SHROOM3,MESO
SIAH1,MESO
SIGLEC11,MESO
SIGLEC7,MESO
SIGLEC8,MESO
SIGMAR1,MESO
SIK2,MESO
SIK3,MESO
SIL1,MESO
SIN3A,MESO
SIVA1,MESO
SIX1,MESO
SKA1,MESO
SKA2,MESO
SKA3,MESO
SKAP2,MESO
SKIL,MESO
SKIV2L,MESO
SKIV2L2,MESO
SKP1,MESO
SKP2,MESO
SLBP,MESO
SLC10A7,MESO
SLC12A1,MESO
SLC12A2,MESO
SLC12A7,MESO
SLC13A2,MESO
SLC16A1,MESO
SLC16A11,MESO
SLC16A3,MESO
SLC16A5,MESO
SLC19A2,MESO
SLC1A1,MESO
SLC1A2,MESO
SLC1A3,MESO
SLC1A5,MESO
SLC20A1,MESO
SLC22A5,MESO
SLC25A1,MESO
SLC25A18,MESO
SLC25A19,MESO
SLC25A22,MESO
SLC25A25,MESO
SLC25A26,MESO
SLC25A28,MESO
SLC25A3,MESO
SLC25A31,MESO
SLC25A33,MESO
SLC25A36,MESO
SLC25A38,MESO
SLC25A40,MESO
SLC25A41,MESO
SLC25A46,MESO
SLC25A5,MESO
SLC25A51,MESO
SLC25A53,MESO
SLC26A10,MESO
SLC26A3,MESO
SLC26A5,MESO
SLC29A2,MESO
SLC2A1,MESO
SLC30A6,MESO
SLC30A7,MESO
SLC30A9,MESO
SLC31A1,MESO
SLC33A1,MESO
SLC34A2,MESO
SLC35A1,MESO
SLC35A2,MESO
SLC35A3,MESO
SLC35B1,MESO
SLC35B2,MESO
SLC35B4,MESO
SLC35C1,MESO
SLC35D1,MESO
SLC35D2,MESO
SLC35E1,MESO
SLC35E2,MESO
SLC35F2,MESO
SLC35F5,MESO
SLC38A1,MESO
SLC38A11,MESO
SLC38A2,MESO
SLC38A5,MESO
SLC38A6,MESO
SLC39A10,MESO
SLC39A12,MESO
SLC39A7,MESO
SLC3A2,MESO
SLC41A2,MESO
SLC43A3,MESO
SLC44A3,MESO
SLC44A5,MESO
SLC46A3,MESO
SLC4A2,MESO
SLC4A7,MESO
SLC52A2,MESO
SLC5A12,MESO
SLC5A3,MESO
SLC6A17,MESO
SLC6A4,MESO
SLC6A8,MESO
SLC7A1,MESO
SLC7A11,MESO
SLC7A13,MESO
SLC7A2,MESO
SLC7A5,MESO
SLC7A6,MESO
SLC7A6OS,MESO
SLC9A1,MESO
SLC9A2,MESO
SLC9B1,MESO
SLCO1B7,MESO
SLFN12L,MESO
SLIRP,MESO
SLIT2,MESO
SLK,MESO
SLMAP,MESO
SLMO2,MESO
SLTM,MESO
SLU7,MESO
SLX4,MESO
SMAD2,MESO
SMAD4,MESO
SMAD6,MESO
SMAD7,MESO
SMAGP,MESO
SMARCA2,MESO
SMARCA4,MESO
SMARCA5,MESO
SMARCAL1,MESO
SMARCB1,MESO
SMARCC1,MESO
SMARCC2,MESO
SMARCD1,MESO
SMARCD2,MESO
SMARCE1,MESO
SMC1A,MESO
SMC1B,MESO
SMC2,MESO
SMC3,MESO
SMC4,MESO
SMC5,MESO
SMC6,MESO
SMCHD1,MESO
SMEK1,MESO
SMG1,MESO
SMG5,MESO
SMG6,MESO
SMG7,MESO
SMG8,MESO
SMIM13,MESO
SMIM17,MESO
SMIM19,MESO
SMIM20,MESO
SMIM3,MESO
SMIM4,MESO
SMIM6,MESO
SMIM7,MESO
SMNDC1,MESO
SMOC2,MESO
SMPD4,MESO
SMR3A,MESO
SMS,MESO
SMU1,MESO
SMURF1,MESO
SMURF2,MESO
SMYD5,MESO
SNAI2,MESO
SNAP23,MESO
SNAP29,MESO
SNAP91,MESO
SNAPC1,MESO
SNAPC2,MESO
SNAPC3,MESO
SNAPC4,MESO
SNAPC5,MESO
SNAPIN,MESO
SNF8,MESO
SNIP1,MESO
SNRNP200,MESO
SNRNP25,MESO
SNRNP27,MESO
SNRNP35,MESO
SNRNP40,MESO
SNRNP48,MESO
SNRNP70,MESO
SNRPA,MESO
SNRPA1,MESO
SNRPB,MESO
SNRPB2,MESO
SNRPC,MESO
SNRPD1,MESO
SNRPD2,MESO
SNRPD3,MESO
SNRPE,MESO
SNRPF,MESO
SNRPG,MESO
SNTA1,MESO
SNUPN,MESO
SNW1,MESO
SNX1,MESO
SNX13,MESO
SNX14,MESO
SNX15,MESO
SNX16,MESO
SNX17,MESO
SNX19,MESO
SNX24,MESO
SNX25,MESO
SNX5,MESO
SNX6,MESO
SNX9,MESO
SOCS3,MESO
SOCS5,MESO
SOD1,MESO
SOD2,MESO
SON,MESO
SORL1,MESO
SOS1,MESO
SOWAHC,MESO
SOX10,MESO
SOX11,MESO
SOX17,MESO
SOX2,MESO
SOX3,MESO
SOX30,MESO
SOX4,MESO
SOX7,MESO
SOX9,MESO
SP1,MESO
SP110,MESO
SP2,MESO
SP3,MESO
SPAG11A,MESO
SPAG11B,MESO
SPAG5,MESO
SPANXA2,MESO
SPANXC,MESO
SPANXD,MESO
SPANXN2,MESO
SPANXN3,MESO
SPANXN4,MESO
SPANXN5,MESO
SPAST,MESO
SPATA17,MESO
SPATA31A3,MESO
SPATA31A6,MESO
SPATA4,MESO
SPATA5,MESO
SPATA5L1,MESO
SPATS1,MESO
SPC24,MESO
SPC25,MESO
SPCS1,MESO
SPCS2,MESO
SPCS3,MESO
SPDEF,MESO
SPDL1,MESO
SPDYE1,MESO
SPECC1L,MESO
SPEF2,MESO
SPESP1,MESO
SPG21,MESO
SPI1,MESO
SPIC,MESO
SPICE1,MESO
SPIN2A,MESO
SPIN2B,MESO
SPIN3,MESO
SPINK14,MESO
SPINK9,MESO
SPINT1,MESO
SPINT2,MESO
SPINT4,MESO
SPNS1,MESO
SPOP,MESO
SPOPL,MESO
SPPL3,MESO
SPRED2,MESO
SPRR1A,MESO
SPRR1B,MESO
SPRR2D,MESO
SPRR2G,MESO
SPRTN,MESO
SPRY4,MESO
SPRYD4,MESO
SPTAN1,MESO
SPTLC1,MESO
SPTLC2,MESO
SPTSSA,MESO
SPTSSB,MESO
SQLE,MESO
SRBD1,MESO
SRC,MESO
SRCAP,MESO
SRCIN1,MESO
SRD5A3,MESO
SREBF1,MESO
SREBF2,MESO
SREK1,MESO
SREK1IP1,MESO
SRF,MESO
SRFBP1,MESO
SRI,MESO
SRM,MESO
SRP14,MESO
SRP19,MESO
SRP54,MESO
SRP68,MESO
SRP72,MESO
SRP9,MESO
SRPK1,MESO
SRPK2,MESO
SRPR,MESO
SRPRB,MESO
SRRD,MESO
SRRM1,MESO
SRRM2,MESO
SRRT,MESO
SRSF1,MESO
SRSF10,MESO
SRSF11,MESO
SRSF2,MESO
SRSF3,MESO
SRSF5,MESO
SRSF6,MESO
SRSF7,MESO
SRSF9,MESO
SS18,MESO
SS18L2,MESO
SSB,MESO
SSBP1,MESO
SSBP3,MESO
SSFA2,MESO
SSH1,MESO
SSR1,MESO
SSR2,MESO
SSR3,MESO
SSRP1,MESO
SSSCA1,MESO
SSU72,MESO
SSX1,MESO
SSX2,MESO
SSX3,MESO
SSX4,MESO
SSX4B,MESO
SSX5,MESO
ST13,MESO
ST14,MESO
ST3GAL1,MESO
ST3GAL4,MESO
ST3GAL6,MESO
ST6GALNAC5,MESO
ST7,MESO
STAC3,MESO
STAG1,MESO
STAG2,MESO
STAM,MESO
STAM2,MESO
STAMBP,MESO
STARD5,MESO
STARD6,MESO
STARD7,MESO
STAT1,MESO
STAT3,MESO
STATH,MESO
STEAP1,MESO
STEAP2,MESO
STH,MESO
STIL,MESO
STIP1,MESO
STK11,MESO
STK24,MESO
STK3,MESO
STK4,MESO
STK40,MESO
STMN1,MESO
STMN2,MESO
STOML2,MESO
STPG2,MESO
STRA13,MESO
STRADB,MESO
STRAP,MESO
STRBP,MESO
STRIP1,MESO
STT3A,MESO
STUB1,MESO
STX12,MESO
STX18,MESO
STX19,MESO
STX4,MESO
STX5,MESO
STX7,MESO
STX8,MESO
STXBP2,MESO
STXBP3,MESO
STXBP4,MESO
STXBP5L,MESO
STYX,MESO
SUB1,MESO
SUCLA2,MESO
SUCLG1,MESO
SUCNR1,MESO
SUDS3,MESO
SUGP1,MESO
SUGP2,MESO
SUGT1,MESO
SULT1A1,MESO
SULT1C3,MESO
SUMO1,MESO
SUMO2,MESO
SUMO4,MESO
SUPT16H,MESO
SUPT20H,MESO
SUPT3H,MESO
SUPT4H1,MESO
SUPT5H,MESO
SUPT6H,MESO
SUPT7L,MESO
SUPV3L1,MESO
SURF2,MESO
SURF4,MESO
SURF6,MESO
SUV39H2,MESO
SUV420H1,MESO
SUZ12,MESO
SVIP,MESO
SWAP70,MESO
SWT1,MESO
SYCP1,MESO
SYCP3,MESO
SYF2,MESO
SYK,MESO
SYMPK,MESO
SYNCRIP,MESO
SYNPO2L,MESO
SYS1,MESO
SYT15,MESO
SYT2,MESO
SYT4,MESO
SYVN1,MESO
TAAR1,MESO
TAB2,MESO
TAC4,MESO
TACC1,MESO
TACC3,MESO
TADA1,MESO
TADA2A,MESO
TADA2B,MESO
TADA3,MESO
TAF1,MESO
TAF10,MESO
TAF11,MESO
TAF12,MESO
TAF13,MESO
TAF1A,MESO
TAF1B,MESO
TAF1C,MESO
TAF1D,MESO
TAF1L,MESO
TAF2,MESO
TAF3,MESO
TAF4,MESO
TAF4B,MESO
TAF5,MESO
TAF5L,MESO
TAF6,MESO
TAF6L,MESO
TAF7,MESO
TAF7L,MESO
TAF8,MESO
TAF9B,MESO
TAGLN2,MESO
TALDO1,MESO
TAMM41,MESO
TANGO6,MESO
TANK,MESO
TAP1,MESO
TAPT1,MESO
TARDBP,MESO
TARM1,MESO
TARS,MESO
TARS2,MESO
TAS2R10,MESO
TAS2R19,MESO
TAS2R20,MESO
TAS2R30,MESO
TAS2R39,MESO
TAS2R42,MESO
TAS2R43,MESO
TAS2R46,MESO
TAS2R5,MESO
TAS2R50,MESO
TAX1BP1,MESO
TAX1BP3,MESO
TAZ,MESO
TBC1D1,MESO
TBC1D10B,MESO
TBC1D10C,MESO
TBC1D19,MESO
TBC1D20,MESO
TBC1D22B,MESO
TBC1D23,MESO
TBC1D28,MESO
TBC1D2B,MESO
TBC1D31,MESO
TBC1D3F,MESO
TBC1D5,MESO
TBC1D7,MESO
TBC1D8B,MESO
TBC1D9B,MESO
TBCA,MESO
TBCB,MESO
TBCC,MESO
TBCD,MESO
TBCE,MESO
TBK1,MESO
TBL1XR1,MESO
TBL3,MESO
TBP,MESO
TBPL2,MESO
TBRG4,MESO
TBX1,MESO
TBX3,MESO
TBXAS1,MESO
TCEA1,MESO
TCEAL1,MESO
TCEAL3,MESO
TCEAL4,MESO
TCEAL7,MESO
TCEANC2,MESO
TCEB1,MESO
TCEB2,MESO
TCEB3,MESO
TCERG1,MESO
TCF12,MESO
TCF20,MESO
TCF3,MESO
TCF4,MESO
TCF7L2,MESO
TCOF1,MESO
TCP1,MESO
TCP10,MESO
TCP10L2,MESO
TCP11X2,MESO
TCTE3,MESO
TCTEX1D1,MESO
TCTEX1D2,MESO
TDG,MESO
TDGF1,MESO
TDO2,MESO
TDP1,MESO
TDP2,MESO
TDRD10,MESO
TDRKH,MESO
TEAD1,MESO
TEAD3,MESO
TEAD4,MESO
TECPR1,MESO
TECR,MESO
TEFM,MESO
TEKT4,MESO
TELO2,MESO
TEN1,MESO
TERF1,MESO
TERF2IP,MESO
TEX10,MESO
TEX13B,MESO
TEX19,MESO
TEX26,MESO
TEX28,MESO
TEX35,MESO
TEX9,MESO
TFAM,MESO
TFAP2A,MESO
TFAP2B,MESO
TFAP2C,MESO
TFAP2D,MESO
TFAP4,MESO
TFB1M,MESO
TFB2M,MESO
TFCP2L1,MESO
TFDP1,MESO
TFEC,MESO
TFG,MESO
TFIP11,MESO
TFPI,MESO
TFPT,MESO
TFRC,MESO
TGFBR1,MESO
TGFBR2,MESO
TGFBR3,MESO
TGFBRAP1,MESO
TGIF1,MESO
TGIF2,MESO
TGIF2-C20orf24,MESO
TGIF2LY,MESO
TGS1,MESO
TH,MESO
THAP1,MESO
THAP11,MESO
THAP2,MESO
THAP3,MESO
THAP5,MESO
THBS3,MESO
THEM4,MESO
THEM5,MESO
THG1L,MESO
THOC1,MESO
THOC2,MESO
THOC3,MESO
THOC5,MESO
THOC6,MESO
THOC7,MESO
THPO,MESO
THRAP3,MESO
THRSP,MESO
THUMPD1,MESO
THUMPD2,MESO
TIAL1,MESO
TIAM1,MESO
TICAM2,MESO
TICRR,MESO
TIGD1,MESO
TIGD4,MESO
TIGD5,MESO
TIMELESS,MESO
TIMM10,MESO
TIMM10B,MESO
TIMM13,MESO
TIMM17A,MESO
TIMM22,MESO
TIMM23,MESO
TIMM44,MESO
TIMM50,MESO
TIMM8A,MESO
TIMM8B,MESO
TIMM9,MESO
TIMMDC1,MESO
TIMP2,MESO
TINAG,MESO
TINF2,MESO
TIPARP,MESO
TIPIN,MESO
TIPRL,MESO
TJAP1,MESO
TK1,MESO
TKT,MESO
TKTL1,MESO
TLCD1,MESO
TLE4,MESO
TLK1,MESO
TLK2,MESO
TLN1,MESO
TLR8,MESO
TLX3,MESO
TM2D1,MESO
TM2D2,MESO
TM2D3,MESO
TM4SF18,MESO
TM4SF20,MESO
TM4SF4,MESO
TM9SF2,MESO
TM9SF3,MESO
TMA16,MESO
TMA7,MESO
TMC2,MESO
TMC8,MESO
TMCO6,MESO
TMED10,MESO
TMED2,MESO
TMED7,MESO
TMED7-TICAM2,MESO
TMEFF1,MESO
TMEFF2,MESO
TMEM106B,MESO
TMEM11,MESO
TMEM110,MESO
TMEM119,MESO
TMEM121,MESO
TMEM123,MESO
TMEM126B,MESO
TMEM127,MESO
TMEM129,MESO
TMEM131,MESO
TMEM133,MESO
TMEM134,MESO
TMEM14B,MESO
TMEM150C,MESO
TMEM154,MESO
TMEM161B,MESO
TMEM165,MESO
TMEM167A,MESO
TMEM168,MESO
TMEM178A,MESO
TMEM179B,MESO
TMEM183A,MESO
TMEM184C,MESO
TMEM185B,MESO
TMEM189,MESO
TMEM189-UBE2V1,MESO
TMEM194B,MESO
TMEM199,MESO
TMEM2,MESO
TMEM201,MESO
TMEM209,MESO
TMEM216,MESO
TMEM225,MESO
TMEM230,MESO
TMEM236,MESO
TMEM242,MESO
TMEM243,MESO
TMEM251,MESO
TMEM255A,MESO
TMEM257,MESO
TMEM258,MESO
TMEM261,MESO
TMEM27,MESO
TMEM30A,MESO
TMEM41A,MESO
TMEM41B,MESO
TMEM42,MESO
TMEM45B,MESO
TMEM5,MESO
TMEM50A,MESO
TMEM50B,MESO
TMEM54,MESO
TMEM61,MESO
TMEM68,MESO
TMEM69,MESO
TMEM70,MESO
TMEM71,MESO
TMEM80,MESO
TMEM81,MESO
TMEM8A,MESO
TMEM92,MESO
TMEM97,MESO
TMOD3,MESO
TMPO,MESO
TMPRSS11F,MESO
TMPRSS13,MESO
TMPRSS15,MESO
TMSB15A,MESO
TMSB4X,MESO
TMSB4Y,MESO
TMTC3,MESO
TMX2,MESO
TNFAIP3,MESO
TNFRSF8,MESO
TNFSF10,MESO
TNFSF13,MESO
TNFSF4,MESO
TNKS,MESO
TNNC2,MESO
TNNI1,MESO
TNNI2,MESO
TNP1,MESO
TNPO1,MESO
TNPO3,MESO
TNRC18,MESO
TNS3,MESO
TOE1,MESO
TOM1L2,MESO
TOMM20,MESO
TOMM20L,MESO
TOMM22,MESO
TOMM40,MESO
TOMM6,MESO
TOMM7,MESO
TOMM70A,MESO
TONSL,MESO
TOP1,MESO
TOP2A,MESO
TOP3A,MESO
TOP3B,MESO
TOPBP1,MESO
TOR1AIP2,MESO
TOX4,MESO
TP53BP1,MESO
TP53BP2,MESO
TP53RK,MESO
TP63,MESO
TP73,MESO
TPCN2,MESO
TPGS1,MESO
TPI1,MESO
TPK1,MESO
TPM3,MESO
TPR,MESO
TPRA1,MESO
TPRG1,MESO
TPRKB,MESO
TPSAB1,MESO
TPT1,MESO
TPTE,MESO
TPTE2,MESO
TPX2,MESO
TRA2A,MESO
TRA2B,MESO
TRAF2,MESO
TRAF3,MESO
TRAF4,MESO
TRAF6,MESO
TRAF7,MESO
TRAIP,MESO
TRAM1L1,MESO
TRAPPC1,MESO
TRAPPC11,MESO
TRAPPC12,MESO
TRAPPC13,MESO
TRAPPC2,MESO
TRAPPC2L,MESO
TRAPPC3,MESO
TRAPPC4,MESO
TRAPPC5,MESO
TRAPPC6B,MESO
TRAPPC8,MESO
TRAT1,MESO
TREM2,MESO
TRERF1,MESO
TRIAP1,MESO
TRIB1,MESO
TRIB2,MESO
TRIM11,MESO
TRIM14,MESO
TRIM28,MESO
TRIM29,MESO
TRIM33,MESO
TRIM37,MESO
TRIM38,MESO
TRIM43,MESO
TRIM46,MESO
TRIM48,MESO
TRIM49,MESO
TRIM49D1,MESO
TRIM6,MESO
TRIM61,MESO
TRIM62,MESO
TRIM64B,MESO
TRIM72,MESO
TRIM73,MESO
TRIM74,MESO
TRIM77,MESO
TRIM8,MESO
TRIM9,MESO
TRIO,MESO
TRIP10,MESO
TRIP12,MESO
TRIP13,MESO
TRIQK,MESO
TRIT1,MESO
TRMT10A,MESO
TRMT10C,MESO
TRMT11,MESO
TRMT112,MESO
TRMT12,MESO
TRMT5,MESO
TRMT6,MESO
TRMT61A,MESO
TRNAU1AP,MESO
TRNT1,MESO
TROAP,MESO
TRPM7,MESO
TRPS1,MESO
TRRAP,MESO
TRUB2,MESO
TSACC,MESO
TSC1,MESO
TSC2,MESO
TSC22D2,MESO
TSEN15,MESO
TSEN2,MESO
TSEN34,MESO
TSEN54,MESO
TSFM,MESO
TSG101,MESO
TSGA10,MESO
TSHB,MESO
TSNAX,MESO
TSPAN31,MESO
TSPAN8,MESO
TSPY1,MESO
TSR1,MESO
TSR2,MESO
TSR3,MESO
TSSC1,MESO
TSTA3,MESO
TSTD2,MESO
TTC1,MESO
TTC14,MESO
TTC19,MESO
TTC27,MESO
TTC29,MESO
TTC32,MESO
TTC37,MESO
TTC39B,MESO
TTC4,MESO
TTC5,MESO
TTC7A,MESO
TTC7B,MESO
TTC9C,MESO
TTF1,MESO
TTF2,MESO
TTI1,MESO
TTI2,MESO
TTK,MESO
TTLL5,MESO
TUBA1B,MESO
TUBA1C,MESO
TUBA3D,MESO
TUBB,MESO
TUBB2B,MESO
TUBB4A,MESO
TUBB4B,MESO
TUBB8,MESO
TUBD1,MESO
TUBE1,MESO
TUBG1,MESO
TUBG2,MESO
TUBGCP2,MESO
TUBGCP3,MESO
TUBGCP4,MESO
TUBGCP5,MESO
TUBGCP6,MESO
TUFM,MESO
TUT1,MESO
TVP23B,MESO
TVP23C,MESO
TVP23C-CDRT4,MESO
TWF1,MESO
TWIST1,MESO
TWISTNB,MESO
TXK,MESO
TXN,MESO
TXN2,MESO
TXNDC12,MESO
TXNDC16,MESO
TXNDC17,MESO
TXNDC9,MESO
TXNL1,MESO
TXNL4A,MESO
TXNL4B,MESO
TXNRD1,MESO
TYK2,MESO
TYMS,MESO
TYRO3,MESO
TYW1,MESO
TYW1B,MESO
TYW5,MESO
U2AF1,MESO
U2AF2,MESO
U2SURP,MESO
UAP1,MESO
UBA1,MESO
UBA2,MESO
UBA3,MESO
UBA5,MESO
UBA52,MESO
UBA6,MESO
UBAP1,MESO
UBAP2L,MESO
UBB,MESO
UBC,MESO
UBE2A,MESO
UBE2C,MESO
UBE2D1,MESO
UBE2D2,MESO
UBE2D3,MESO
UBE2D4,MESO
UBE2F,MESO
UBE2G2,MESO
UBE2H,MESO
UBE2I,MESO
UBE2J1,MESO
UBE2J2,MESO
UBE2K,MESO
UBE2L3,MESO
UBE2M,MESO
UBE2N,MESO
UBE2NL,MESO
UBE2Q1,MESO
UBE2Q2,MESO
UBE2R2,MESO
UBE2S,MESO
UBE2T,MESO
UBE2U,MESO
UBE2V1,MESO
UBE2V2,MESO
UBE2W,MESO
UBE2Z,MESO
UBE3A,MESO
UBE3B,MESO
UBE3D,MESO
UBE4B,MESO
UBFD1,MESO
UBIAD1,MESO
UBL3,MESO
UBL5,MESO
UBP1,MESO
UBQLN4,MESO
UBR1,MESO
UBR4,MESO
UBR5,MESO
UBTF,MESO
UBXN2B,MESO
UBXN4,MESO
UCHL5,MESO
UCN,MESO
UEVLD,MESO
UFC1,MESO
UFD1L,MESO
UFL1,MESO
UFM1,MESO
UFSP2,MESO
UGCG,MESO
UGDH,MESO
UGGT2,MESO
UGP2,MESO
UGT1A5,MESO
UGT1A6,MESO
UGT1A7,MESO
UGT1A8,MESO
UGT1A9,MESO
UGT2A2,MESO
UGT2A3,MESO
UGT2B15,MESO
UGT2B17,MESO
UGT2B28,MESO
UGT2B7,MESO
UGT3A2,MESO
UHRF1BP1L,MESO
UHRF2,MESO
ULBP2,MESO
UMPS,MESO
UNC119,MESO
UNC45A,MESO
UNC50,MESO
UNC79,MESO
UPF1,MESO
UPF2,MESO
UPF3B,MESO
UPK3BL,MESO
UQCC1,MESO
UQCC2,MESO
UQCR10,MESO
UQCR11,MESO
UQCRB,MESO
UQCRC1,MESO
UQCRC2,MESO
UQCRFS1,MESO
UQCRH,MESO
UQCRQ,MESO
URB1,MESO
URB2,MESO
URI1,MESO
URM1,MESO
UROD,MESO
UROS,MESO
USB1,MESO
USE1,MESO
USF2,MESO
USMG5,MESO
USP1,MESO
USP10,MESO
USP12,MESO
USP14,MESO
USP15,MESO
USP17L10,MESO
USP17L13,MESO
USP17L5,MESO
USP18,MESO
USP30,MESO
USP32,MESO
USP33,MESO
USP34,MESO
USP36,MESO
USP37,MESO
USP39,MESO
USP46,MESO
USP5,MESO
USP7,MESO
USP8,MESO
USP9X,MESO
USPL1,MESO
UTP11L,MESO
UTP14A,MESO
UTP15,MESO
UTP18,MESO
UTP20,MESO
UTP23,MESO
UTP3,MESO
UTP6,MESO
UTS2B,MESO
UVRAG,MESO
UXS1,MESO
UXT,MESO
VAMP4,MESO
VARS,MESO
VARS2,MESO
VBP1,MESO
VCL,MESO
VCP,MESO
VCPIP1,MESO
VCX,MESO
VCX2,MESO
VCY,MESO
VDAC1,MESO
VDAC2,MESO
VDAC3,MESO
VEZF1,MESO
VEZT,MESO
VGLL3,MESO
VHL,MESO
VIPR1,MESO
VKORC1L1,MESO
VMA21,MESO
VMAC,MESO
VMP1,MESO
VN1R1,MESO
VN1R2,MESO
VNN2,MESO
VOPP1,MESO
VPS13A,MESO
VPS13D,MESO
VPS16,MESO
VPS18,MESO
VPS25,MESO
VPS26A,MESO
VPS28,MESO
VPS29,MESO
VPS33A,MESO
VPS35,MESO
VPS36,MESO
VPS37A,MESO
VPS39,MESO
VPS41,MESO
VPS45,MESO
VPS4A,MESO
VPS4B,MESO
VPS51,MESO
VPS52,MESO
VPS53,MESO
VPS54,MESO
VPS72,MESO
VPS8,MESO
VRK1,MESO
VSTM5,MESO
VTA1,MESO
VTI1B,MESO
VTN,MESO
VWA5B2,MESO
VWA8,MESO
VWA9,MESO
VWCE,MESO
WAC,MESO
WAPAL,MESO
WARS,MESO
WARS2,MESO
WASF2,MESO
WASF3,MESO
WASL,MESO
WBP1,MESO
WBP11,MESO
WBP4,MESO
WBP5,MESO
WBSCR16,MESO
WBSCR22,MESO
WDFY2,MESO
WDHD1,MESO
WDR1,MESO
WDR12,MESO
WDR18,MESO
WDR20,MESO
WDR24,MESO
WDR25,MESO
WDR26,MESO
WDR3,MESO
WDR33,MESO
WDR35,MESO
WDR36,MESO
WDR4,MESO
WDR41,MESO
WDR43,MESO
WDR44,MESO
WDR45,MESO
WDR46,MESO
WDR48,MESO
WDR5,MESO
WDR55,MESO
WDR59,MESO
WDR5B,MESO
WDR61,MESO
WDR62,MESO
WDR63,MESO
WDR7,MESO
WDR70,MESO
WDR73,MESO
WDR74,MESO
WDR75,MESO
WDR77,MESO
WDR78,MESO
WDR82,MESO
WDR83,MESO
WDR89,MESO
WDR92,MESO
WDR93,MESO
WDTC1,MESO
WEE1,MESO
WFDC11,MESO
WFDC13,MESO
WFDC2,MESO
WFDC6,MESO
WFDC9,MESO
WFIKKN2,MESO
WFS1,MESO
WHSC1,MESO
WIPI2,MESO
WLS,MESO
WNK1,MESO
WNK3,MESO
WNT1,MESO
WNT6,MESO
WNT7B,MESO
WRAP53,MESO
WRAP73,MESO
WRB,MESO
WRN,MESO
WSB2,MESO
WT1,MESO
WTAP,MESO
WWC2,MESO
WWTR1,MESO
XAB2,MESO
XAGE3,MESO
XBP1,MESO
XCL1,MESO
XIAP,MESO
XKR3,MESO
XKR9,MESO
XPNPEP3,MESO
XPO1,MESO
XPO4,MESO
XPO5,MESO
XPO6,MESO
XPO7,MESO
XPOT,MESO
XPR1,MESO
XRCC1,MESO
XRCC2,MESO
XRCC3,MESO
XRCC4,MESO
XRCC5,MESO
XRCC6,MESO
XRCC6BP1,MESO
XRN1,MESO
XRN2,MESO
XYLT2,MESO
YAE1D1,MESO
YAP1,MESO
YARS,MESO
YARS2,MESO
YBX1,MESO
YEATS2,MESO
YEATS4,MESO
YES1,MESO
YIPF3,MESO
YIPF4,MESO
YIPF5,MESO
YIPF6,MESO
YIPF7,MESO
YJEFN3,MESO
YKT6,MESO
YLPM1,MESO
YME1L1,MESO
YPEL1,MESO
YPEL3,MESO
YPEL5,MESO
YRDC,MESO
YTHDC1,MESO
YTHDC2,MESO
YTHDF2,MESO
YWHAE,MESO
YWHAG,MESO
YWHAZ,MESO
YY1,MESO
ZAR1,MESO
ZBTB10,MESO
ZBTB11,MESO
ZBTB12,MESO
ZBTB14,MESO
ZBTB17,MESO
ZBTB2,MESO
ZBTB20,MESO
ZBTB24,MESO
ZBTB26,MESO
ZBTB34,MESO
ZBTB38,MESO
ZBTB39,MESO
ZBTB41,MESO
ZBTB7A,MESO
ZBTB7B,MESO
ZBTB8A,MESO
ZBTB8OS,MESO
ZBTB9,MESO
ZC2HC1A,MESO
ZC3H10,MESO
ZC3H11A,MESO
ZC3H12A,MESO
ZC3H12C,MESO
ZC3H13,MESO
ZC3H15,MESO
ZC3H18,MESO
ZC3H3,MESO
ZC3H4,MESO
ZC3H8,MESO
ZC3HC1,MESO
ZCCHC10,MESO
ZCCHC13,MESO
ZCCHC14,MESO
ZCCHC24,MESO
ZCCHC6,MESO
ZCCHC7,MESO
ZCCHC9,MESO
ZCRB1,MESO
ZCWPW2,MESO
ZDHHC11,MESO
ZDHHC13,MESO
ZDHHC18,MESO
ZDHHC20,MESO
ZDHHC3,MESO
ZDHHC5,MESO
ZEB1,MESO
ZEB2,MESO
ZER1,MESO
ZFAND1,MESO
ZFAND5,MESO
ZFAT,MESO
ZFC3H1,MESO
ZFP14,MESO
ZFP28,MESO
ZFP3,MESO
ZFP36,MESO
ZFP36L1,MESO
ZFP36L2,MESO
ZFP41,MESO
ZFP42,MESO
ZFP69,MESO
ZFR,MESO
ZFX,MESO
ZFYVE20,MESO
ZIC2,MESO
ZIM3,MESO
ZKSCAN5,MESO
ZMAT2,MESO
ZMAT5,MESO
ZMIZ1,MESO
ZMYM1,MESO
ZMYM2,MESO
ZMYND11,MESO
ZMYND8,MESO
ZNF10,MESO
ZNF107,MESO
ZNF124,MESO
ZNF131,MESO
ZNF135,MESO
ZNF136,MESO
ZNF14,MESO
ZNF141,MESO
ZNF143,MESO
ZNF148,MESO
ZNF175,MESO
ZNF180,MESO
ZNF181,MESO
ZNF2,MESO
ZNF20,MESO
ZNF207,MESO
ZNF208,MESO
ZNF212,MESO
ZNF213,MESO
ZNF217,MESO
ZNF221,MESO
ZNF222,MESO
ZNF225,MESO
ZNF227,MESO
ZNF235,MESO
ZNF236,MESO
ZNF239,MESO
ZNF259,MESO
ZNF26,MESO
ZNF267,MESO
ZNF273,MESO
ZNF28,MESO
ZNF281,MESO
ZNF284,MESO
ZNF285,MESO
ZNF286B,MESO
ZNF30,MESO
ZNF300,MESO
ZNF302,MESO
ZNF32,MESO
ZNF320,MESO
ZNF330,MESO
ZNF335,MESO
ZNF345,MESO
ZNF35,MESO
ZNF354A,MESO
ZNF354B,MESO
ZNF37A,MESO
ZNF382,MESO
ZNF383,MESO
ZNF385A,MESO
ZNF404,MESO
ZNF407,MESO
ZNF410,MESO
ZNF417,MESO
ZNF425,MESO
ZNF426,MESO
ZNF428,MESO
ZNF429,MESO
ZNF43,MESO
ZNF430,MESO
ZNF431,MESO
ZNF436,MESO
ZNF44,MESO
ZNF441,MESO
ZNF443,MESO
ZNF461,MESO
ZNF468,MESO
ZNF471,MESO
ZNF479,MESO
ZNF480,MESO
ZNF483,MESO
ZNF484,MESO
ZNF486,MESO
ZNF492,MESO
ZNF501,MESO
ZNF510,MESO
ZNF511,MESO
ZNF517,MESO
ZNF519,MESO
ZNF527,MESO
ZNF528,MESO
ZNF529,MESO
ZNF532,MESO
ZNF534,MESO
ZNF543,MESO
ZNF544,MESO
ZNF549,MESO
ZNF559,MESO
ZNF559-ZNF177,MESO
ZNF564,MESO
ZNF567,MESO
ZNF569,MESO
ZNF57,MESO
ZNF570,MESO
ZNF571,MESO
ZNF573,MESO
ZNF574,MESO
ZNF575,MESO
ZNF577,MESO
ZNF578,MESO
ZNF585A,MESO
ZNF585B,MESO
ZNF587,MESO
ZNF587B,MESO
ZNF592,MESO
ZNF593,MESO
ZNF596,MESO
ZNF605,MESO
ZNF608,MESO
ZNF613,MESO
ZNF614,MESO
ZNF620,MESO
ZNF622,MESO
ZNF626,MESO
ZNF630,MESO
ZNF638,MESO
ZNF644,MESO
ZNF653,MESO
ZNF658,MESO
ZNF662,MESO
ZNF664,MESO
ZNF669,MESO
ZNF670,MESO
ZNF674,MESO
ZNF676,MESO
ZNF681,MESO
ZNF684,MESO
ZNF689,MESO
ZNF69,MESO
ZNF705A,MESO
ZNF705D,MESO
ZNF705G,MESO
ZNF706,MESO
ZNF710,MESO
ZNF714,MESO
ZNF716,MESO
ZNF721,MESO
ZNF727,MESO
ZNF728,MESO
ZNF729,MESO
ZNF730,MESO
ZNF732,MESO
ZNF736,MESO
ZNF763,MESO
ZNF765,MESO
ZNF771,MESO
ZNF780A,MESO
ZNF780B,MESO
ZNF781,MESO
ZNF782,MESO
ZNF790,MESO
ZNF791,MESO
ZNF812,MESO
ZNF813,MESO
ZNF814,MESO
ZNF823,MESO
ZNF829,MESO
ZNF83,MESO
ZNF830,MESO
ZNF836,MESO
ZNF839,MESO
ZNF844,MESO
ZNF845,MESO
ZNF85,MESO
ZNF850,MESO
ZNF878,MESO
ZNF90,MESO
ZNF91,MESO
ZNF92,MESO
ZNF93,MESO
ZNF98,MESO
ZNF99,MESO
ZNFX1,MESO
ZNHIT1,MESO
ZNHIT2,MESO
ZNHIT3,MESO
ZNHIT6,MESO
ZNRD1,MESO
ZRANB1,MESO
ZRANB2,MESO
ZRSR2,MESO
ZSCAN10,MESO
ZSCAN18,MESO
ZSCAN20,MESO
ZSCAN4,MESO
ZSWIM4,MESO
ZSWIM8,MESO
ZUFSP,MESO
ZW10,MESO
ZWILCH,MESO
ZWINT,MESO
ZYX,MESO
ZZZ3,MESO
